ID,CPU,MemUsage,NetIn,NetOut,Mem,PIDs
955279a62a41,0.29,1.766,5.26,3.33,0.02,8
955279a62a41,0.29,1.766,5.26,3.33,0.02,8
955279a62a41,0,1.766,5.26,3.33,0.02,8
955279a62a41,0,1.766,5.26,3.33,0.02,8
955279a62a41,0,1.766,5.26,3.33,0.02,8
955279a62a41,0,1.766,5.26,3.33,0.02,8
955279a62a41,0,1.766,5.26,3.33,0.02,8
955279a62a41,0,1.766,5.26,3.33,0.02,8
955279a62a41,0,1.766,5.26,3.33,0.02,8
955279a62a41,0,1.766,5.26,3.33,0.02,8
955279a62a41,0,1.766,5.26,3.33,0.02,8
955279a62a41,0,1.766,5.26,3.33,0.02,8
955279a62a41,0,1.766,5.26,3.33,0.02,8
955279a62a41,0,1.766,5.26,3.33,0.02,8
955279a62a41,0,1.766,5.26,3.33,0.02,8
955279a62a41,0,1.766,5.26,3.33,0.02,8
955279a62a41,0,1.766,5.26,3.33,0.02,8
955279a62a41,0,1.766,5.26,3.33,0.02,8
955279a62a41,79.27,1.902,5.63,3.47,0.02,8
955279a62a41,79.27,1.902,5.63,3.47,0.02,8
955279a62a41,33.14,1.855,5.83,3.8,0.02,8
955279a62a41,33.14,1.855,5.83,3.8,0.02,8
955279a62a41,0,1.855,5.83,3.8,0.02,8
955279a62a41,0,1.855,5.83,3.8,0.02,8
955279a62a41,0,1.855,5.83,3.8,0.02,8
955279a62a41,0,1.855,5.83,3.8,0.02,8
955279a62a41,71.43,1.996,6.2,3.94,0.03,8
955279a62a41,71.43,1.996,6.2,3.94,0.03,8
955279a62a41,41.17,1.859,6.4,4.27,0.02,8
955279a62a41,41.17,1.859,6.4,4.27,0.02,8
955279a62a41,0,1.859,6.4,4.27,0.02,8
955279a62a41,0,1.859,6.4,4.27,0.02,8
955279a62a41,0,1.859,6.4,4.27,0.02,8
955279a62a41,0,1.859,6.4,4.27,0.02,8
955279a62a41,5.49,1.996,6.78,4.41,0.03,8
955279a62a41,5.49,1.996,6.78,4.41,0.03,8
955279a62a41,100.37,1.996,6.78,4.41,0.03,8
955279a62a41,100.37,1.996,6.78,4.41,0.03,8
955279a62a41,7.37,1.863,6.98,4.74,0.02,8
955279a62a41,7.37,1.863,6.98,4.74,0.02,8
955279a62a41,80.23,2.004,7.36,4.88,0.03,8
955279a62a41,80.23,2.004,7.36,4.88,0.03,8
955279a62a41,31.76,1.879,7.56,5.21,0.02,8
955279a62a41,31.76,1.879,7.56,5.21,0.02,8
955279a62a41,0,1.879,7.56,5.21,0.02,8
955279a62a41,0,1.879,7.56,5.21,0.02,8
955279a62a41,0,1.879,7.56,5.21,0.02,8
955279a62a41,0,1.879,7.56,5.21,0.02,8
955279a62a41,35.14,2.016,7.94,5.35,0.03,8
955279a62a41,35.14,2.016,7.94,5.35,0.03,8
955279a62a41,76.4,1.891,8.14,5.68,0.02,8
955279a62a41,76.4,1.891,8.14,5.68,0.02,8
955279a62a41,29.61,2.027,8.52,5.82,0.03,8
955279a62a41,29.61,2.027,8.52,5.82,0.03,8
955279a62a41,82.5,1.965,8.71,6.15,0.03,8
955279a62a41,82.5,1.965,8.71,6.15,0.03,8
955279a62a41,48.73,2.105,9.1,6.29,0.03,8
955279a62a41,48.73,2.105,9.1,6.29,0.03,8
955279a62a41,61.04,1.965,9.29,6.62,0.03,8
955279a62a41,61.04,1.965,9.29,6.62,0.03,8
955279a62a41,66.46,2.102,9.67,6.76,0.03,8
955279a62a41,66.46,2.102,9.67,6.76,0.03,8
955279a62a41,46.31,1.973,9.87,7.09,0.03,8
955279a62a41,46.31,1.973,9.87,7.09,0.03,8
955279a62a41,85.66,2.109,10.3,7.23,0.03,8
955279a62a41,85.66,2.109,10.3,7.23,0.03,8
955279a62a41,23.87,1.977,10.4,7.56,0.03,8
955279a62a41,23.87,1.977,10.4,7.56,0.03,8
955279a62a41,94.62,2.113,10.8,7.7,0.03,8
955279a62a41,94.62,2.113,10.8,7.7,0.03,8
955279a62a41,38.9,2.117,11.4,8.17,0.03,8
955279a62a41,38.9,2.117,11.4,8.17,0.03,8
955279a62a41,83.56,2,11.6,8.5,0.03,8
955279a62a41,83.56,2,11.6,8.5,0.03,8
955279a62a41,0,2,11.6,8.5,0.03,8
955279a62a41,0,2,11.6,8.5,0.03,8
955279a62a41,0,2,11.6,8.5,0.03,8
955279a62a41,0,2,11.6,8.5,0.03,8
955279a62a41,0,2,11.6,8.5,0.03,8
955279a62a41,0,2,11.6,8.5,0.03,8
955279a62a41,0,2,11.6,8.5,0.03,8
955279a62a41,0,2,11.6,8.5,0.03,8
955279a62a41,45.01,2.129,12,8.64,0.03,8
955279a62a41,45.01,2.129,12,8.64,0.03,8
955279a62a41,62.97,2,12.2,8.97,0.03,8
955279a62a41,62.97,2,12.2,8.97,0.03,8
955279a62a41,52.25,2.027,12.5,9.11,0.03,8
955279a62a41,52.25,2.027,12.5,9.11,0.03,8
955279a62a41,56.21,2.023,12.7,9.44,0.03,8
955279a62a41,56.21,2.023,12.7,9.44,0.03,8
955279a62a41,0,2.023,12.7,9.44,0.03,8
955279a62a41,0,2.023,12.7,9.44,0.03,8
955279a62a41,0,2.023,12.7,9.44,0.03,8
955279a62a41,0,2.023,12.7,9.44,0.03,8
955279a62a41,82.02,2.156,13.1,9.58,0.03,8
955279a62a41,82.02,2.156,13.1,9.58,0.03,8
955279a62a41,27.27,2.027,13.3,9.91,0.03,8
955279a62a41,27.27,2.027,13.3,9.91,0.03,8
955279a62a41,0,2.027,13.3,9.91,0.03,8
955279a62a41,0,2.027,13.3,9.91,0.03,8
955279a62a41,0,2.027,13.3,9.91,0.03,8
955279a62a41,0,2.027,13.3,9.91,0.03,8
955279a62a41,0,2.027,13.3,9.91,0.03,8
955279a62a41,0,2.027,13.3,9.91,0.03,8
955279a62a41,0,2.027,13.3,9.91,0.03,8
955279a62a41,0,2.027,13.3,9.91,0.03,8
955279a62a41,0,2.027,13.3,9.91,0.03,8
955279a62a41,0,2.027,13.3,9.91,0.03,8
955279a62a41,0,2.027,13.3,9.91,0.03,8
955279a62a41,0,2.027,13.3,9.91,0.03,8
955279a62a41,0,2.027,13.3,9.91,0.03,8
955279a62a41,0,2.027,13.3,9.91,0.03,8
955279a62a41,0,2.027,13.3,9.91,0.03,8
955279a62a41,0,2.027,13.3,9.91,0.03,8
955279a62a41,0,2.027,13.3,9.91,0.03,8
955279a62a41,0,2.027,13.3,9.91,0.03,8
955279a62a41,0,2.027,13.3,9.91,0.03,8
955279a62a41,0,2.027,13.3,9.91,0.03,8
955279a62a41,0,2.027,13.3,9.91,0.03,8
955279a62a41,0,2.027,13.3,9.91,0.03,8
955279a62a41,0,2.027,13.3,9.91,0.03,8
955279a62a41,0,2.027,13.3,9.91,0.03,8
955279a62a41,0,2.027,13.3,9.91,0.03,8
955279a62a41,0,2.027,13.3,9.91,0.03,8
955279a62a41,0,2.027,13.3,9.91,0.03,8
955279a62a41,0.13,2.027,13.3,9.91,0.03,8
955279a62a41,0.13,2.027,13.3,9.91,0.03,8
955279a62a41,0,2.027,13.3,9.91,0.03,8
955279a62a41,0,2.027,13.3,9.91,0.03,8
955279a62a41,0,2.027,13.3,9.91,0.03,8
955279a62a41,0,2.027,13.3,9.91,0.03,8
955279a62a41,0,2.027,13.3,9.91,0.03,8
955279a62a41,0,2.027,13.3,9.91,0.03,8
955279a62a41,0,2.027,13.3,9.91,0.03,8
955279a62a41,0,2.027,13.3,9.91,0.03,8
955279a62a41,26,2.156,13.7,10.1,0.03,8
955279a62a41,26,2.156,13.7,10.1,0.03,8
955279a62a41,98.69,2.172,14.3,10.5,0.03,8
955279a62a41,98.69,2.172,14.3,10.5,0.03,8
955279a62a41,88.83,2.055,14.5,10.9,0.03,8
955279a62a41,88.83,2.055,14.5,10.9,0.03,8
955279a62a41,0,2.055,14.5,10.9,0.03,8
955279a62a41,0,2.055,14.5,10.9,0.03,8
955279a62a41,0,2.055,14.5,10.9,0.03,8
955279a62a41,0,2.055,14.5,10.9,0.03,8
955279a62a41,0,2.055,14.5,10.9,0.03,8
955279a62a41,0,2.055,14.5,10.9,0.03,8
955279a62a41,0,2.055,14.5,10.9,0.03,8
955279a62a41,0,2.055,14.5,10.9,0.03,8
955279a62a41,0,2.055,14.5,10.9,0.03,8
955279a62a41,0,2.055,14.5,10.9,0.03,8
955279a62a41,0,2.055,14.5,10.9,0.03,8
955279a62a41,0,2.055,14.5,10.9,0.03,8
955279a62a41,0,2.055,14.5,10.9,0.03,8
955279a62a41,0,2.055,14.5,10.9,0.03,8
955279a62a41,0,2.055,14.5,10.9,0.03,8
955279a62a41,0,2.055,14.5,10.9,0.03,8
955279a62a41,0,2.055,14.5,10.9,0.03,8
955279a62a41,0,2.055,14.5,10.9,0.03,8
955279a62a41,0,2.055,14.5,10.9,0.03,8
955279a62a41,0,2.055,14.5,10.9,0.03,8
955279a62a41,31.05,2.07,14.8,11,0.03,8
955279a62a41,31.05,2.07,14.8,11,0.03,8
955279a62a41,98.49,2.203,15.4,11.5,0.03,8
955279a62a41,98.49,2.203,15.4,11.5,0.03,8
955279a62a41,97.78,2.094,16,11.9,0.03,8
955279a62a41,97.78,2.094,16,11.9,0.03,8
955279a62a41,97.28,2.215,16.6,12.4,0.03,8
955279a62a41,97.28,2.215,16.6,12.4,0.03,8
955279a62a41,99.89,2.09,16.8,12.7,0.03,8
955279a62a41,99.89,2.09,16.8,12.7,0.03,8
955279a62a41,97.55,2.223,17.1,12.9,0.03,8
955279a62a41,97.55,2.223,17.1,12.9,0.03,8
955279a62a41,98.3,2.234,17.7,13.3,0.03,8
955279a62a41,98.3,2.234,17.7,13.3,0.03,8
955279a62a41,97.79,2.238,18.3,13.8,0.03,8
955279a62a41,97.79,2.238,18.3,13.8,0.03,8
955279a62a41,97.61,2.242,18.9,14.3,0.03,8
955279a62a41,97.61,2.242,18.9,14.3,0.03,8
955279a62a41,97.39,2.277,19.4,14.8,0.03,8
955279a62a41,97.39,2.277,19.4,14.8,0.03,8
955279a62a41,97.42,2.172,20,15.2,0.03,8
955279a62a41,97.42,2.172,20,15.2,0.03,8
955279a62a41,47.65,2.156,20.2,15.6,0.03,8
955279a62a41,47.65,2.156,20.2,15.6,0.03,8
955279a62a41,0,2.156,20.2,15.6,0.03,8
955279a62a41,0,2.156,20.2,15.6,0.03,8
955279a62a41,39.92,2.293,20.6,15.7,0.03,8
955279a62a41,39.92,2.293,20.6,15.7,0.03,8
955279a62a41,98.88,2.301,21.2,16.2,0.03,8
955279a62a41,98.88,2.301,21.2,16.2,0.03,8
955279a62a41,99.07,2.309,21.7,16.6,0.03,8
955279a62a41,99.07,2.309,21.7,16.6,0.03,8
955279a62a41,98.69,2.312,22.3,17.1,0.03,8
955279a62a41,98.69,2.312,22.3,17.1,0.03,8
955279a62a41,99.12,2.324,22.9,17.6,0.03,8
955279a62a41,99.12,2.324,22.9,17.6,0.03,8
955279a62a41,98.83,2.332,23.5,18,0.03,8
955279a62a41,98.83,2.332,23.5,18,0.03,8
955279a62a41,98.68,2.461,24,18.5,0.03,8
955279a62a41,98.68,2.461,24,18.5,0.03,8
955279a62a41,100.29,2.352,24,18.5,0.03,8
955279a62a41,100.29,2.352,24,18.5,0.03,8
955279a62a41,98.94,2.355,24.6,19,0.03,8
955279a62a41,98.94,2.355,24.6,19,0.03,8
955279a62a41,98.8,2.371,25.2,19.5,0.03,8
955279a62a41,98.8,2.371,25.2,19.5,0.03,8
955279a62a41,99.04,2.391,25.8,19.9,0.03,8
955279a62a41,99.04,2.391,25.8,19.9,0.03,8
955279a62a41,21.11,2.262,26,20.3,0.03,8
955279a62a41,21.11,2.262,26,20.3,0.03,8
955279a62a41,0,2.262,26,20.3,0.03,8
955279a62a41,0,2.262,26,20.3,0.03,8
955279a62a41,0,2.262,26,20.3,0.03,8
955279a62a41,0,2.262,26,20.3,0.03,8
955279a62a41,0,2.262,26,20.3,0.03,8
955279a62a41,0,2.262,26,20.3,0.03,8
955279a62a41,0,2.262,26,20.3,0.03,8
955279a62a41,0,2.262,26,20.3,0.03,8
955279a62a41,0,2.262,26,20.3,0.03,8
955279a62a41,0,2.262,26,20.3,0.03,8
955279a62a41,0,2.262,26,20.3,0.03,8
955279a62a41,0,2.262,26,20.3,0.03,8
955279a62a41,0,2.262,26,20.3,0.03,8
955279a62a41,0,2.262,26,20.3,0.03,8
955279a62a41,0,2.262,26,20.3,0.03,8
955279a62a41,0,2.262,26,20.3,0.03,8
955279a62a41,0,2.262,26,20.3,0.03,8
955279a62a41,0,2.262,26,20.3,0.03,8
955279a62a41,0,2.262,26,20.3,0.03,8
955279a62a41,0,2.262,26,20.3,0.03,8
955279a62a41,0,2.262,26,20.3,0.03,8
955279a62a41,0,2.262,26,20.3,0.03,8
955279a62a41,0,2.262,26,20.3,0.03,8
955279a62a41,83.57,2.395,26.3,20.4,0.03,8
955279a62a41,83.57,2.395,26.3,20.4,0.03,8
955279a62a41,99.22,2.414,26.9,20.9,0.03,8
955279a62a41,99.22,2.414,26.9,20.9,0.03,8
955279a62a41,98.68,2.309,27.5,21.3,0.03,8
955279a62a41,98.68,2.309,27.5,21.3,0.03,8
955279a62a41,99.02,2.426,28.1,21.8,0.03,8
955279a62a41,99.02,2.426,28.1,21.8,0.03,8
955279a62a41,98.46,2.438,28.6,22.3,0.03,8
955279a62a41,98.46,2.438,28.6,22.3,0.03,8
955279a62a41,99.21,2.453,29.2,22.7,0.03,8
955279a62a41,99.21,2.453,29.2,22.7,0.03,8
955279a62a41,99.33,2.457,29.8,23.2,0.03,8
955279a62a41,99.33,2.457,29.8,23.2,0.03,8
955279a62a41,99.23,2.461,30.4,23.7,0.03,8
955279a62a41,99.23,2.461,30.4,23.7,0.03,8
955279a62a41,147.8,2.672,31.3,24.3,0.03,9
955279a62a41,147.8,2.672,31.3,24.3,0.03,9
955279a62a41,197.62,2.727,32.5,25.2,0.03,9
955279a62a41,197.62,2.727,32.5,25.2,0.03,9
955279a62a41,197.88,2.664,33.6,26.2,0.03,9
955279a62a41,197.88,2.664,33.6,26.2,0.03,9
955279a62a41,198.81,2.57,34.8,27.1,0.03,9
955279a62a41,198.81,2.57,34.8,27.1,0.03,9
955279a62a41,198.9,2.691,35.3,27.6,0.03,9
955279a62a41,198.9,2.691,35.3,27.6,0.03,9
955279a62a41,271.2,2.73,36.5,28.5,0.03,10
955279a62a41,271.2,2.73,36.5,28.5,0.03,10
955279a62a41,298.66,3.109,38,29.6,0.04,10
955279a62a41,298.66,3.109,38,29.6,0.04,10
955279a62a41,297.42,3.102,39.8,31,0.04,10
955279a62a41,297.42,3.102,39.8,31,0.04,10
955279a62a41,373.05,2.957,41.9,32.6,0.04,10
955279a62a41,373.05,2.957,41.9,32.6,0.04,10
955279a62a41,389.96,3.223,44.2,34.4,0.04,10
955279a62a41,389.96,3.223,44.2,34.4,0.04,10
955279a62a41,395.05,3.242,46.5,36.3,0.04,10
955279a62a41,395.05,3.242,46.5,36.3,0.04,10
955279a62a41,395.51,3.281,48.2,37.7,0.04,10
955279a62a41,395.51,3.281,48.2,37.7,0.04,10
955279a62a41,392.86,3.336,50.5,39.6,0.04,10
955279a62a41,392.86,3.336,50.5,39.6,0.04,10
955279a62a41,393.8,3.238,52.2,41,0.04,10
955279a62a41,393.8,3.238,52.2,41,0.04,10
955279a62a41,388.93,3.418,54.5,42.9,0.04,10
955279a62a41,388.93,3.418,54.5,42.9,0.04,10
955279a62a41,395.42,3.449,55.7,43.8,0.04,10
955279a62a41,395.42,3.449,55.7,43.8,0.04,10
955279a62a41,390.39,3.387,58,45.7,0.04,10
955279a62a41,390.39,3.387,58,45.7,0.04,10
955279a62a41,385.94,3.641,60.3,47.6,0.05,10
955279a62a41,385.94,3.641,60.3,47.6,0.05,10
955279a62a41,390.97,3.547,62.6,49.5,0.05,10
955279a62a41,390.97,3.547,62.6,49.5,0.05,10
955279a62a41,395.68,3.684,64.9,51.4,0.05,10
955279a62a41,395.68,3.684,64.9,51.4,0.05,10
955279a62a41,394.78,3.711,66.6,52.8,0.05,10
955279a62a41,394.78,3.711,66.6,52.8,0.05,10
955279a62a41,389.56,3.523,68.9,54.7,0.04,10
955279a62a41,389.56,3.523,68.9,54.7,0.04,10
955279a62a41,394,3.781,70.6,56.1,0.05,10
955279a62a41,394,3.781,70.6,56.1,0.05,10
955279a62a41,398.41,3.828,71.8,57,0.05,10
955279a62a41,398.41,3.828,71.8,57,0.05,10
955279a62a41,396.91,3.77,74.1,58.9,0.05,10
955279a62a41,396.91,3.77,74.1,58.9,0.05,10
955279a62a41,394.75,3.57,76.4,60.8,0.05,10
955279a62a41,394.75,3.57,76.4,60.8,0.05,10
955279a62a41,395.77,3.836,78.7,62.6,0.05,10
955279a62a41,395.77,3.836,78.7,62.6,0.05,10
955279a62a41,395.39,3.996,81,64.5,0.05,10
955279a62a41,395.39,3.996,81,64.5,0.05,10
955279a62a41,396.32,4.016,83.3,66.4,0.05,10
955279a62a41,396.32,4.016,83.3,66.4,0.05,10
955279a62a41,395.13,3.938,85,67.8,0.05,10
955279a62a41,395.13,3.938,85,67.8,0.05,10
955279a62a41,396.82,3.992,87.3,69.7,0.05,10
955279a62a41,396.82,3.992,87.3,69.7,0.05,10
955279a62a41,396.93,4.02,89,71.1,0.05,10
955279a62a41,396.93,4.02,89,71.1,0.05,10
955279a62a41,397.8,3.91,90.4,72.6,0.05,10
955279a62a41,397.8,3.91,90.4,72.6,0.05,10
955279a62a41,397.01,4.195,92.5,73.9,0.05,10
955279a62a41,397.01,4.195,92.5,73.9,0.05,10
955279a62a41,394.37,4.113,94.8,75.8,0.05,10
955279a62a41,394.37,4.113,94.8,75.8,0.05,10
955279a62a41,395.67,4.039,97.1,77.7,0.05,10
955279a62a41,395.67,4.039,97.1,77.7,0.05,10
955279a62a41,394.57,4.312,99.4,79.6,0.05,10
955279a62a41,394.57,4.312,99.4,79.6,0.05,10
955279a62a41,396.19,4.152,102,81.4,0.05,10
955279a62a41,396.19,4.152,102,81.4,0.05,10
955279a62a41,395.26,4.312,104,83.3,0.05,10
955279a62a41,395.26,4.312,104,83.3,0.05,10
955279a62a41,396.49,4.258,106,84.7,0.05,10
955279a62a41,396.49,4.258,106,84.7,0.05,10
955279a62a41,397.45,4.402,107,86.4,0.06,10
955279a62a41,397.45,4.402,107,86.4,0.06,10
955279a62a41,394.79,4.57,110,88,0.06,10
955279a62a41,394.79,4.57,110,88,0.06,10
955279a62a41,398.39,4.484,111,89,0.06,10
955279a62a41,398.39,4.484,111,89,0.06,10
955279a62a41,395.73,4.523,113,90.8,0.06,10
955279a62a41,395.73,4.523,113,90.8,0.06,10
955279a62a41,394.41,4.488,115,92.7,0.06,10
955279a62a41,394.41,4.488,115,92.7,0.06,10
955279a62a41,331.34,4.625,117,94.5,0.06,10
955279a62a41,331.34,4.625,117,94.5,0.06,10
955279a62a41,296.51,4.543,119,95.9,0.06,10
955279a62a41,296.51,4.543,119,95.9,0.06,10
955279a62a41,270.49,4.43,120,97.1,0.06,10
955279a62a41,270.49,4.43,120,97.1,0.06,10
955279a62a41,198.84,4.562,121,97.6,0.06,10
955279a62a41,198.84,4.562,121,97.6,0.06,10
955279a62a41,197.93,4.598,122,98.6,0.06,10
955279a62a41,197.93,4.598,122,98.6,0.06,10
955279a62a41,197.79,4.617,123,99.5,0.06,10
955279a62a41,197.79,4.617,123,99.5,0.06,10
955279a62a41,198.64,4.738,124,100,0.06,10
955279a62a41,198.64,4.738,124,100,0.06,10
955279a62a41,198.62,4.754,125,101,0.06,10
955279a62a41,198.62,4.754,125,101,0.06,10
955279a62a41,197.97,4.766,126,102,0.06,10
955279a62a41,197.97,4.766,126,102,0.06,10
955279a62a41,197.67,4.781,127,103,0.06,10
955279a62a41,197.67,4.781,127,103,0.06,10
955279a62a41,198.13,4.68,128,104,0.06,10
955279a62a41,198.13,4.68,128,104,0.06,10
955279a62a41,198.2,4.809,130,105,0.06,10
955279a62a41,198.2,4.809,130,105,0.06,10
955279a62a41,197.69,4.848,131,106,0.06,10
955279a62a41,197.69,4.848,131,106,0.06,10
955279a62a41,197.69,4.863,132,107,0.06,10
955279a62a41,197.69,4.863,132,107,0.06,10
955279a62a41,198.5,4.879,133,107,0.06,10
955279a62a41,198.5,4.879,133,107,0.06,10
955279a62a41,196.63,4.777,134,108,0.06,10
955279a62a41,196.63,4.777,134,108,0.06,10
955279a62a41,199.68,4.922,135,109,0.06,10
955279a62a41,199.68,4.922,135,109,0.06,10
955279a62a41,197.89,4.836,136,110,0.06,10
955279a62a41,197.89,4.836,136,110,0.06,10
955279a62a41,191.31,4.84,137,111,0.06,10
955279a62a41,191.31,4.84,137,111,0.06,10
955279a62a41,99.21,4.84,137,111,0.06,10
955279a62a41,99.21,4.84,137,111,0.06,10
955279a62a41,99,4.852,138,112,0.06,10
955279a62a41,99,4.852,138,112,0.06,10
955279a62a41,99.06,4.863,138,112,0.06,10
955279a62a41,99.06,4.863,138,112,0.06,10
955279a62a41,98.79,4.863,139,113,0.06,10
955279a62a41,98.79,4.863,139,113,0.06,10
955279a62a41,109.98,5.004,140,113,0.06,10
955279a62a41,109.98,5.004,140,113,0.06,10
955279a62a41,197.95,5.012,141,114,0.06,10
955279a62a41,197.95,5.012,141,114,0.06,10
955279a62a41,198.96,5.02,142,115,0.06,10
955279a62a41,198.96,5.02,142,115,0.06,10
955279a62a41,176.86,4.918,142,115,0.06,10
955279a62a41,176.86,4.918,142,115,0.06,10
955279a62a41,99.05,4.93,143,116,0.06,10
955279a62a41,99.05,4.93,143,116,0.06,10
955279a62a41,110.43,5.066,144,116,0.06,10
955279a62a41,110.43,5.066,144,116,0.06,10
955279a62a41,197.08,4.957,145,117,0.06,10
955279a62a41,197.08,4.957,145,117,0.06,10
955279a62a41,199.31,4.98,146,118,0.06,10
955279a62a41,199.31,4.98,146,118,0.06,10
955279a62a41,240.58,5.258,147,119,0.07,10
955279a62a41,240.58,5.258,147,119,0.07,10
955279a62a41,296.46,5.301,149,120,0.07,10
955279a62a41,296.46,5.301,149,120,0.07,10
955279a62a41,296.22,5.34,151,122,0.07,10
955279a62a41,296.22,5.34,151,122,0.07,10
955279a62a41,296.92,5.23,152,123,0.07,10
955279a62a41,296.92,5.23,152,123,0.07,10
955279a62a41,297.83,5.684,154,124,0.07,11
955279a62a41,297.83,5.684,154,124,0.07,11
955279a62a41,297.9,5.703,155,125,0.07,11
955279a62a41,297.9,5.703,155,125,0.07,11
955279a62a41,297.15,5.684,156,126,0.07,11
955279a62a41,297.15,5.684,156,126,0.07,11
955279a62a41,296.67,5.82,158,128,0.07,11
955279a62a41,296.67,5.82,158,128,0.07,11
955279a62a41,295.7,5.844,160,129,0.07,11
955279a62a41,295.7,5.844,160,129,0.07,11
955279a62a41,293.64,5.797,161,130,0.07,11
955279a62a41,293.64,5.797,161,130,0.07,11
955279a62a41,296.19,5.801,163,132,0.07,11
955279a62a41,296.19,5.801,163,132,0.07,11
955279a62a41,292.35,5.957,165,133,0.08,11
955279a62a41,292.35,5.957,165,133,0.08,11
955279a62a41,292.77,5.863,166,134,0.07,11
955279a62a41,292.77,5.863,166,134,0.07,11
955279a62a41,298.25,5.754,167,135,0.07,11
955279a62a41,298.25,5.754,167,135,0.07,11
955279a62a41,297.92,5.879,169,136,0.07,11
955279a62a41,297.92,5.879,169,136,0.07,11
955279a62a41,296.35,6.039,170,138,0.08,11
955279a62a41,296.35,6.039,170,138,0.08,11
955279a62a41,296.8,6.062,172,139,0.08,11
955279a62a41,296.8,6.062,172,139,0.08,11
955279a62a41,296.31,5.957,174,141,0.08,11
955279a62a41,296.31,5.957,174,141,0.08,11
955279a62a41,298.39,6.105,175,141,0.08,11
955279a62a41,298.39,6.105,175,141,0.08,11
955279a62a41,294.48,5.98,177,143,0.08,11
955279a62a41,294.48,5.98,177,143,0.08,11
955279a62a41,292.93,6.012,178,144,0.08,11
955279a62a41,292.93,6.012,178,144,0.08,11
955279a62a41,293.96,6.16,180,146,0.08,11
955279a62a41,293.96,6.16,180,146,0.08,11
955279a62a41,294.84,6.191,182,147,0.08,11
955279a62a41,294.84,6.191,182,147,0.08,11
955279a62a41,298.35,6.211,182,148,0.08,11
955279a62a41,298.35,6.211,182,148,0.08,11
955279a62a41,292.84,6.105,184,149,0.08,11
955279a62a41,292.84,6.105,184,149,0.08,11
955279a62a41,294.43,6.242,186,150,0.08,11
955279a62a41,294.43,6.242,186,150,0.08,11
955279a62a41,295.45,6.379,188,152,0.08,11
955279a62a41,295.45,6.379,188,152,0.08,11
955279a62a41,295.76,6.184,189,153,0.08,11
955279a62a41,295.76,6.184,189,153,0.08,11
955279a62a41,296.21,6.332,190,154,0.08,11
955279a62a41,296.21,6.332,190,154,0.08,11
955279a62a41,296.88,6.488,192,156,0.08,11
955279a62a41,296.88,6.488,192,156,0.08,11
955279a62a41,296.58,6.285,194,157,0.08,11
955279a62a41,296.58,6.285,194,157,0.08,11
955279a62a41,293.69,6.297,196,158,0.08,11
955279a62a41,293.69,6.297,196,158,0.08,11
955279a62a41,303.58,6.309,196,159,0.08,11
955279a62a41,303.58,6.309,196,159,0.08,11
955279a62a41,297.13,6.445,198,160,0.08,11
955279a62a41,297.13,6.445,198,160,0.08,11
955279a62a41,295.43,6.469,200,162,0.08,11
955279a62a41,295.43,6.469,200,162,0.08,11
955279a62a41,295.63,6.352,201,163,0.08,11
955279a62a41,295.63,6.352,201,163,0.08,11
955279a62a41,292.37,6.496,202,164,0.08,11
955279a62a41,292.37,6.496,202,164,0.08,11
955279a62a41,255.11,6.5,204,165,0.08,11
955279a62a41,255.11,6.5,204,165,0.08,11
955279a62a41,195.29,6.508,205,166,0.08,11
955279a62a41,195.29,6.508,205,166,0.08,11
955279a62a41,195.41,6.395,206,167,0.08,11
955279a62a41,195.41,6.395,206,167,0.08,11
955279a62a41,196.9,6.281,207,168,0.08,11
955279a62a41,196.9,6.281,207,168,0.08,11
955279a62a41,197.72,6.273,208,169,0.08,11
955279a62a41,197.72,6.273,208,169,0.08,11
955279a62a41,196.34,6.418,209,170,0.08,11
955279a62a41,196.34,6.418,209,170,0.08,11
955279a62a41,196.88,6.422,210,170,0.08,11
955279a62a41,196.88,6.422,210,170,0.08,11
955279a62a41,197.63,6.422,211,171,0.08,11
955279a62a41,197.63,6.422,211,171,0.08,11
955279a62a41,197.59,6.43,212,172,0.08,11
955279a62a41,197.59,6.43,212,172,0.08,11
955279a62a41,198.57,6.445,213,173,0.08,11
955279a62a41,198.57,6.445,213,173,0.08,11
955279a62a41,198.12,6.344,214,174,0.08,11
955279a62a41,198.12,6.344,214,174,0.08,11
955279a62a41,198.12,6.344,214,174,0.08,11
955279a62a41,198.07,6.477,215,175,0.08,11
955279a62a41,198.07,6.477,215,175,0.08,11
955279a62a41,197.56,6.355,216,176,0.08,11
955279a62a41,197.56,6.355,216,176,0.08,11
955279a62a41,198.21,6.598,218,177,0.08,11
955279a62a41,198.21,6.598,218,177,0.08,11
955279a62a41,197.25,6.371,219,178,0.08,11
955279a62a41,197.25,6.371,219,178,0.08,11
955279a62a41,198.22,6.5,220,178,0.08,11
955279a62a41,198.22,6.5,220,178,0.08,11
955279a62a41,198.58,6.516,220,179,0.08,11
955279a62a41,198.58,6.516,220,179,0.08,11
955279a62a41,198.13,6.527,222,180,0.08,11
955279a62a41,198.13,6.527,222,180,0.08,11
955279a62a41,197.82,6.414,223,181,0.08,11
955279a62a41,197.82,6.414,223,181,0.08,11
955279a62a41,118.31,6.648,224,182,0.08,11
955279a62a41,118.31,6.648,224,182,0.08,11
955279a62a41,99.49,6.41,224,182,0.08,11
955279a62a41,99.49,6.41,224,182,0.08,11
955279a62a41,100.11,6.414,224,182,0.08,11
955279a62a41,100.11,6.414,224,182,0.08,11
955279a62a41,99.39,6.414,225,183,0.08,11
955279a62a41,99.39,6.414,225,183,0.08,11
955279a62a41,99.35,6.535,225,183,0.08,11
955279a62a41,99.35,6.535,225,183,0.08,11
955279a62a41,99.46,6.539,226,183,0.08,11
955279a62a41,99.46,6.539,226,183,0.08,11
955279a62a41,99.69,6.555,226,184,0.08,11
955279a62a41,99.69,6.555,226,184,0.08,11
955279a62a41,99.43,6.57,227,184,0.08,11
955279a62a41,99.43,6.57,227,184,0.08,11
955279a62a41,47.67,6.449,227,185,0.08,11
955279a62a41,47.67,6.449,227,185,0.08,11
955279a62a41,0,6.449,227,185,0.08,11
955279a62a41,0,6.449,227,185,0.08,11
955279a62a41,0,6.449,227,185,0.08,11
955279a62a41,0,6.449,227,185,0.08,11
955279a62a41,0,6.449,227,185,0.08,11
955279a62a41,0,6.449,227,185,0.08,11
955279a62a41,63.25,6.461,228,185,0.08,11
955279a62a41,63.25,6.461,228,185,0.08,11
955279a62a41,98.86,6.469,228,185,0.08,11
955279a62a41,98.86,6.469,228,185,0.08,11
955279a62a41,98.98,6.598,229,186,0.08,11
955279a62a41,98.98,6.598,229,186,0.08,11
955279a62a41,98.9,6.48,229,186,0.08,11
955279a62a41,98.9,6.48,229,186,0.08,11
955279a62a41,98.57,6.609,230,187,0.08,11
955279a62a41,98.57,6.609,230,187,0.08,11
955279a62a41,99.22,6.621,230,187,0.08,11
955279a62a41,99.22,6.621,230,187,0.08,11
955279a62a41,98.82,6.621,231,188,0.08,11
955279a62a41,98.82,6.621,231,188,0.08,11
955279a62a41,98.69,6.516,232,188,0.08,11
955279a62a41,98.69,6.516,232,188,0.08,11
955279a62a41,98.65,6.629,232,189,0.08,11
955279a62a41,98.65,6.629,232,189,0.08,11
955279a62a41,98.87,6.766,233,189,0.09,11
955279a62a41,98.87,6.766,233,189,0.09,11
955279a62a41,100,6.641,233,189,0.08,11
955279a62a41,100,6.641,233,189,0.08,11
955279a62a41,98.7,6.648,233,190,0.08,11
955279a62a41,98.7,6.648,233,190,0.08,11
955279a62a41,99.09,6.656,234,190,0.08,11
955279a62a41,99.09,6.656,234,190,0.08,11
955279a62a41,98.89,6.66,234,191,0.08,11
955279a62a41,98.89,6.66,234,191,0.08,11
955279a62a41,98.98,6.66,235,191,0.08,11
955279a62a41,98.98,6.66,235,191,0.08,11
955279a62a41,98.64,6.559,236,191,0.08,11
955279a62a41,98.64,6.559,236,191,0.08,11
955279a62a41,98.9,6.551,236,192,0.08,11
955279a62a41,98.9,6.551,236,192,0.08,11
955279a62a41,99.01,6.562,237,192,0.08,11
955279a62a41,99.01,6.562,237,192,0.08,11
955279a62a41,99,6.559,237,193,0.08,11
955279a62a41,99,6.559,237,193,0.08,11
955279a62a41,99.05,6.684,238,193,0.09,11
955279a62a41,99.05,6.684,238,193,0.09,11
955279a62a41,98.71,6.574,239,194,0.08,11
955279a62a41,98.71,6.574,239,194,0.08,11
955279a62a41,98.37,6.582,239,194,0.08,11
955279a62a41,98.37,6.582,239,194,0.08,11
955279a62a41,99.16,6.59,240,195,0.08,11
955279a62a41,99.16,6.59,240,195,0.08,11
955279a62a41,99.32,6.715,240,195,0.09,11
955279a62a41,99.32,6.715,240,195,0.09,11
955279a62a41,99.15,6.594,241,196,0.08,11
955279a62a41,99.15,6.594,241,196,0.08,11
955279a62a41,98.45,6.727,241,196,0.09,11
955279a62a41,98.45,6.727,241,196,0.09,11
955279a62a41,99.31,6.742,242,197,0.09,11
955279a62a41,99.31,6.742,242,197,0.09,11
955279a62a41,100.38,6.738,242,197,0.09,11
955279a62a41,100.38,6.738,242,197,0.09,11
955279a62a41,98.84,6.758,243,197,0.09,11
955279a62a41,98.84,6.758,243,197,0.09,11
955279a62a41,99.02,6.648,243,198,0.08,11
955279a62a41,99.02,6.648,243,198,0.08,11
955279a62a41,98.75,6.766,244,198,0.09,11
955279a62a41,98.75,6.766,244,198,0.09,11
955279a62a41,98.99,6.785,244,199,0.09,11
955279a62a41,98.99,6.785,244,199,0.09,11
955279a62a41,98.84,6.66,245,199,0.08,11
955279a62a41,98.84,6.66,245,199,0.08,11
955279a62a41,98.88,6.789,245,199,0.09,11
955279a62a41,98.88,6.789,245,199,0.09,11
955279a62a41,98.92,6.785,246,200,0.09,11
955279a62a41,98.92,6.785,246,200,0.09,11
955279a62a41,99.04,6.801,247,200,0.09,11
955279a62a41,99.04,6.801,247,200,0.09,11
955279a62a41,98.83,6.82,247,201,0.09,11
955279a62a41,98.83,6.82,247,201,0.09,11
955279a62a41,98.87,6.824,248,201,0.09,11
955279a62a41,98.87,6.824,248,201,0.09,11
955279a62a41,98.79,6.832,248,202,0.09,11
955279a62a41,98.79,6.832,248,202,0.09,11
955279a62a41,99.14,6.84,249,202,0.09,11
955279a62a41,99.14,6.84,249,202,0.09,11
955279a62a41,98.84,6.848,249,203,0.09,11
955279a62a41,98.84,6.848,249,203,0.09,11
955279a62a41,98.89,6.855,250,203,0.09,11
955279a62a41,98.89,6.855,250,203,0.09,11
955279a62a41,98.83,6.871,251,204,0.09,11
955279a62a41,98.83,6.871,251,204,0.09,11
955279a62a41,99.25,6.75,251,204,0.09,11
955279a62a41,99.25,6.75,251,204,0.09,11
955279a62a41,100.19,6.758,251,204,0.09,11
955279a62a41,100.19,6.758,251,204,0.09,11
955279a62a41,99.47,6.875,252,205,0.09,11
955279a62a41,99.47,6.875,252,205,0.09,11
955279a62a41,98.86,6.75,252,205,0.09,11
955279a62a41,98.86,6.75,252,205,0.09,11
955279a62a41,99.24,6.75,253,206,0.09,11
955279a62a41,99.24,6.75,253,206,0.09,11
955279a62a41,98.12,6.758,253,206,0.09,11
955279a62a41,98.12,6.758,253,206,0.09,11
955279a62a41,98.74,6.891,254,207,0.09,11
955279a62a41,98.74,6.891,254,207,0.09,11
955279a62a41,98.92,6.762,255,207,0.09,11
955279a62a41,98.92,6.762,255,207,0.09,11
955279a62a41,99.18,6.762,255,207,0.09,11
955279a62a41,99.18,6.762,255,207,0.09,11
955279a62a41,98.63,6.773,256,208,0.09,11
955279a62a41,98.63,6.773,256,208,0.09,11
955279a62a41,98.87,6.902,256,208,0.09,11
955279a62a41,98.87,6.902,256,208,0.09,11
955279a62a41,99.52,6.777,257,209,0.09,11
955279a62a41,99.52,6.777,257,209,0.09,11
955279a62a41,98.52,6.785,257,209,0.09,11
955279a62a41,98.52,6.785,257,209,0.09,11
955279a62a41,98.93,5.301,258,210,0.07,11
955279a62a41,98.93,5.301,258,210,0.07,11
955279a62a41,96.91,5.301,259,210,0.07,11
955279a62a41,96.91,5.301,259,210,0.07,11
955279a62a41,98.17,5.297,259,211,0.07,11
955279a62a41,98.17,5.297,259,211,0.07,11
955279a62a41,98.15,5.43,260,211,0.07,11
955279a62a41,98.15,5.43,260,211,0.07,11
955279a62a41,100.25,5.426,260,211,0.07,11
955279a62a41,100.25,5.426,260,211,0.07,11
955279a62a41,97.4,5.332,260,212,0.07,11
955279a62a41,97.4,5.332,260,212,0.07,11
955279a62a41,98.15,5.34,261,212,0.07,11
955279a62a41,98.15,5.34,261,212,0.07,11
955279a62a41,97.82,5.324,262,213,0.07,11
955279a62a41,97.82,5.324,262,213,0.07,11
955279a62a41,98.05,5.328,262,213,0.07,11
955279a62a41,98.05,5.328,262,213,0.07,11
955279a62a41,97.52,5.449,263,214,0.07,11
955279a62a41,97.52,5.449,263,214,0.07,11
955279a62a41,97.55,5.34,263,214,0.07,11
955279a62a41,97.55,5.34,263,214,0.07,11
955279a62a41,97.76,5.328,264,215,0.07,11
955279a62a41,97.76,5.328,264,215,0.07,11
955279a62a41,97.81,5.445,264,215,0.07,11
955279a62a41,97.81,5.445,264,215,0.07,11
955279a62a41,98.57,5.453,265,215,0.07,11
955279a62a41,98.57,5.453,265,215,0.07,11
955279a62a41,97.04,5.332,266,216,0.07,11
955279a62a41,97.04,5.332,266,216,0.07,11
955279a62a41,98.14,5.34,266,216,0.07,11
955279a62a41,98.14,5.34,266,216,0.07,11
955279a62a41,98.74,5.457,267,217,0.07,11
955279a62a41,98.74,5.457,267,217,0.07,11
955279a62a41,97.95,5.336,267,217,0.07,11
955279a62a41,97.95,5.336,267,217,0.07,11
955279a62a41,100.23,5.34,267,217,0.07,11
955279a62a41,100.23,5.34,267,217,0.07,11
955279a62a41,98.07,5.465,268,218,0.07,11
955279a62a41,98.07,5.465,268,218,0.07,11
955279a62a41,97.91,5.344,268,218,0.07,11
955279a62a41,97.91,5.344,268,218,0.07,11
955279a62a41,97.44,5.34,269,219,0.07,11
955279a62a41,97.44,5.34,269,219,0.07,11
955279a62a41,97.51,5.34,270,219,0.07,11
955279a62a41,97.51,5.34,270,219,0.07,11
955279a62a41,97.71,5.344,270,220,0.07,11
955279a62a41,97.71,5.344,270,220,0.07,11
955279a62a41,98.04,5.348,271,220,0.07,11
955279a62a41,98.04,5.348,271,220,0.07,11
955279a62a41,97.23,5.348,271,221,0.07,11
955279a62a41,97.23,5.348,271,221,0.07,11
955279a62a41,98.2,5.34,272,221,0.07,11
955279a62a41,98.2,5.34,272,221,0.07,11
955279a62a41,97.62,5.344,272,222,0.07,11
955279a62a41,97.62,5.344,272,222,0.07,11
955279a62a41,97.09,5.465,273,222,0.07,11
955279a62a41,97.09,5.465,273,222,0.07,11
955279a62a41,98.48,5.344,274,222,0.07,11
955279a62a41,98.48,5.344,274,222,0.07,11
955279a62a41,97,5.348,274,223,0.07,11
955279a62a41,97,5.348,274,223,0.07,11
955279a62a41,97.32,5.465,275,223,0.07,11
955279a62a41,97.32,5.465,275,223,0.07,11
955279a62a41,100.15,5.344,275,223,0.07,11
955279a62a41,100.15,5.344,275,223,0.07,11
955279a62a41,98.37,5.348,275,224,0.07,11
955279a62a41,98.37,5.348,275,224,0.07,11
955279a62a41,98.37,5.473,276,224,0.07,11
955279a62a41,98.37,5.473,276,224,0.07,11
955279a62a41,97.24,5.355,276,225,0.07,11
955279a62a41,97.24,5.355,276,225,0.07,11
955279a62a41,98.16,5.477,277,225,0.07,11
955279a62a41,98.16,5.477,277,225,0.07,11
955279a62a41,97.54,5.477,278,226,0.07,11
955279a62a41,97.54,5.477,278,226,0.07,11
955279a62a41,97.52,5.477,278,226,0.07,11
955279a62a41,97.52,5.477,278,226,0.07,11
955279a62a41,97.53,5.48,279,227,0.07,11
955279a62a41,97.53,5.48,279,227,0.07,11
955279a62a41,98.25,5.359,279,227,0.07,11
955279a62a41,98.25,5.359,279,227,0.07,11
955279a62a41,98.13,5.367,280,228,0.07,11
955279a62a41,98.13,5.367,280,228,0.07,11
955279a62a41,97.29,5.363,280,228,0.07,11
955279a62a41,97.29,5.363,280,228,0.07,11
955279a62a41,97.29,5.363,280,228,0.07,11
955279a62a41,97.77,5.375,281,229,0.07,11
955279a62a41,97.77,5.375,281,229,0.07,11
955279a62a41,97.97,5.488,282,229,0.07,11
955279a62a41,97.97,5.488,282,229,0.07,11
955279a62a41,100.01,5.492,282,229,0.07,11
955279a62a41,100.01,5.492,282,229,0.07,11
955279a62a41,99.02,5.367,282,230,0.07,11
955279a62a41,99.02,5.367,282,230,0.07,11
955279a62a41,97.65,5.371,283,230,0.07,11
955279a62a41,97.65,5.371,283,230,0.07,11
955279a62a41,97.8,5.496,283,230,0.07,11
955279a62a41,97.8,5.496,283,230,0.07,11
955279a62a41,97.03,5.375,284,231,0.07,11
955279a62a41,97.03,5.375,284,231,0.07,11
955279a62a41,97.34,5.379,285,231,0.07,11
955279a62a41,97.34,5.379,285,231,0.07,11
955279a62a41,97.37,5.379,285,232,0.07,11
955279a62a41,97.37,5.379,285,232,0.07,11
955279a62a41,97.83,5.383,286,232,0.07,11
955279a62a41,97.83,5.383,286,232,0.07,11
955279a62a41,97.1,5.395,286,233,0.07,11
955279a62a41,97.1,5.395,286,233,0.07,11
955279a62a41,97.63,5.379,287,233,0.07,11
955279a62a41,97.63,5.379,287,233,0.07,11
955279a62a41,96.63,5.383,287,234,0.07,11
955279a62a41,96.63,5.383,287,234,0.07,11
955279a62a41,98.05,5.379,288,234,0.07,11
955279a62a41,98.05,5.379,288,234,0.07,11
955279a62a41,98.05,5.504,289,235,0.07,11
955279a62a41,98.05,5.504,289,235,0.07,11
955279a62a41,98.08,5.512,289,235,0.07,11
955279a62a41,98.08,5.512,289,235,0.07,11
955279a62a41,100.08,5.512,289,235,0.07,11
955279a62a41,100.08,5.512,289,235,0.07,11
955279a62a41,97.96,5.512,290,236,0.07,11
955279a62a41,97.96,5.512,290,236,0.07,11
955279a62a41,96.83,5.383,290,236,0.07,11
955279a62a41,96.83,5.383,290,236,0.07,11
955279a62a41,97.62,5.391,291,237,0.07,11
955279a62a41,97.62,5.391,291,237,0.07,11
955279a62a41,98.14,5.516,291,237,0.07,11
955279a62a41,98.14,5.516,291,237,0.07,11
955279a62a41,97.83,5.395,292,238,0.07,11
955279a62a41,97.83,5.395,292,238,0.07,11
955279a62a41,97.14,5.516,293,238,0.07,11
955279a62a41,97.14,5.516,293,238,0.07,11
955279a62a41,97.17,5.391,293,238,0.07,11
955279a62a41,97.17,5.391,293,238,0.07,11
955279a62a41,97.43,5.398,294,239,0.07,11
955279a62a41,97.43,5.398,294,239,0.07,11
955279a62a41,96.99,5.398,294,239,0.07,11
955279a62a41,96.99,5.398,294,239,0.07,11
955279a62a41,97.11,5.41,295,240,0.07,11
955279a62a41,97.11,5.41,295,240,0.07,11
955279a62a41,97.92,5.398,295,240,0.07,11
955279a62a41,97.92,5.398,295,240,0.07,11
955279a62a41,100.25,5.402,295,240,0.07,11
955279a62a41,100.25,5.402,295,240,0.07,11
955279a62a41,98.06,5.406,296,241,0.07,11
955279a62a41,98.06,5.406,296,241,0.07,11
955279a62a41,97.86,5.656,297,241,0.07,11
955279a62a41,97.86,5.656,297,241,0.07,11
955279a62a41,97.43,5.406,297,242,0.07,11
955279a62a41,97.43,5.406,297,242,0.07,11
955279a62a41,97.08,5.418,298,242,0.07,11
955279a62a41,97.08,5.418,298,242,0.07,11
955279a62a41,98.24,5.531,298,243,0.07,11
955279a62a41,98.24,5.531,298,243,0.07,11
955279a62a41,97.29,5.414,299,243,0.07,11
955279a62a41,97.29,5.414,299,243,0.07,11
955279a62a41,97.66,5.422,299,244,0.07,11
955279a62a41,97.66,5.422,299,244,0.07,11
955279a62a41,98.17,5.418,300,244,0.07,11
955279a62a41,98.17,5.418,300,244,0.07,11
955279a62a41,96.29,5.422,301,245,0.07,11
955279a62a41,96.29,5.422,301,245,0.07,11
955279a62a41,97.38,5.41,301,245,0.07,11
955279a62a41,97.38,5.41,301,245,0.07,11
955279a62a41,98.13,5.414,302,246,0.07,11
955279a62a41,98.13,5.414,302,246,0.07,11
955279a62a41,97.41,5.418,302,246,0.07,11
955279a62a41,97.41,5.418,302,246,0.07,11
955279a62a41,98.5,5.41,303,246,0.07,11
955279a62a41,98.5,5.41,303,246,0.07,11
955279a62a41,99.28,5.41,303,246,0.07,11
955279a62a41,99.28,5.41,303,246,0.07,11
955279a62a41,96.84,5.539,303,247,0.07,11
955279a62a41,96.84,5.539,303,247,0.07,11
955279a62a41,97.21,5.539,304,247,0.07,11
955279a62a41,97.21,5.539,304,247,0.07,11
955279a62a41,97.68,5.422,305,248,0.07,11
955279a62a41,97.68,5.422,305,248,0.07,11
955279a62a41,97.53,5.551,305,248,0.07,11
955279a62a41,97.53,5.551,305,248,0.07,11
955279a62a41,97.49,5.43,306,249,0.07,11
955279a62a41,97.49,5.43,306,249,0.07,11
955279a62a41,97.1,5.43,306,249,0.07,11
955279a62a41,97.1,5.43,306,249,0.07,11
955279a62a41,97.51,5.559,307,250,0.07,11
955279a62a41,97.51,5.559,307,250,0.07,11
955279a62a41,98.63,5.426,308,250,0.07,11
955279a62a41,98.63,5.426,308,250,0.07,11
955279a62a41,98.2,5.434,308,251,0.07,11
955279a62a41,98.2,5.434,308,251,0.07,11
955279a62a41,97.95,5.426,309,251,0.07,11
955279a62a41,97.95,5.426,309,251,0.07,11
955279a62a41,97.73,5.426,309,252,0.07,11
955279a62a41,97.73,5.426,309,252,0.07,11
955279a62a41,97.87,5.426,310,252,0.07,11
955279a62a41,97.87,5.426,310,252,0.07,11
955279a62a41,99.99,5.43,310,252,0.07,11
955279a62a41,99.99,5.43,310,252,0.07,11
955279a62a41,98.23,5.426,310,253,0.07,11
955279a62a41,98.23,5.426,310,253,0.07,11
955279a62a41,97.67,5.559,311,253,0.07,11
955279a62a41,97.67,5.559,311,253,0.07,11
955279a62a41,97.87,5.438,312,254,0.07,11
955279a62a41,97.87,5.438,312,254,0.07,11
955279a62a41,97.24,5.438,312,254,0.07,11
955279a62a41,97.24,5.438,312,254,0.07,11
955279a62a41,99.14,5.438,313,254,0.07,11
955279a62a41,99.14,5.438,313,254,0.07,11
955279a62a41,99.16,5.434,313,255,0.07,11
955279a62a41,99.16,5.434,313,255,0.07,11
955279a62a41,98.99,5.445,314,255,0.07,11
955279a62a41,98.99,5.445,314,255,0.07,11
955279a62a41,99.26,5.43,314,256,0.07,11
955279a62a41,99.26,5.43,314,256,0.07,11
955279a62a41,98.58,5.562,315,256,0.07,11
955279a62a41,98.58,5.562,315,256,0.07,11
955279a62a41,98.8,5.441,316,257,0.07,11
955279a62a41,98.8,5.441,316,257,0.07,11
955279a62a41,98.66,5.441,316,257,0.07,11
955279a62a41,98.66,5.441,316,257,0.07,11
955279a62a41,99.58,5.434,317,258,0.07,11
955279a62a41,99.58,5.434,317,258,0.07,11
955279a62a41,98.98,5.438,317,258,0.07,11
955279a62a41,98.98,5.438,317,258,0.07,11
955279a62a41,99,5.562,318,259,0.07,11
955279a62a41,99,5.562,318,259,0.07,11
955279a62a41,98.88,5.562,319,259,0.07,11
955279a62a41,98.88,5.562,319,259,0.07,11
955279a62a41,99.99,5.566,319,259,0.07,11
955279a62a41,99.99,5.566,319,259,0.07,11
955279a62a41,99.33,5.445,319,260,0.07,11
955279a62a41,99.33,5.445,319,260,0.07,11
955279a62a41,99.26,5.445,320,260,0.07,11
955279a62a41,99.26,5.445,320,260,0.07,11
955279a62a41,98.6,5.574,320,261,0.07,11
955279a62a41,98.6,5.574,320,261,0.07,11
955279a62a41,98.86,5.574,321,261,0.07,11
955279a62a41,98.86,5.574,321,261,0.07,11
955279a62a41,99.4,5.445,321,262,0.07,11
955279a62a41,99.4,5.445,321,262,0.07,11
955279a62a41,98.85,4.68,322,262,0.06,11
955279a62a41,98.85,4.68,322,262,0.06,11
955279a62a41,99.31,4.559,323,262,0.06,11
955279a62a41,99.31,4.559,323,262,0.06,11
955279a62a41,99.69,4.555,323,263,0.06,11
955279a62a41,99.69,4.555,323,263,0.06,11
955279a62a41,98.44,4.543,324,263,0.06,11
955279a62a41,98.44,4.543,324,263,0.06,11
955279a62a41,99.49,4.551,324,264,0.06,11
955279a62a41,99.49,4.551,324,264,0.06,11
955279a62a41,99.03,4.555,325,264,0.06,11
955279a62a41,99.03,4.555,325,264,0.06,11
955279a62a41,98.23,4.555,325,265,0.06,11
955279a62a41,98.23,4.555,325,265,0.06,11
955279a62a41,98.46,4.562,326,265,0.06,11
955279a62a41,98.46,4.562,326,265,0.06,11
955279a62a41,98.84,4.559,327,266,0.06,11
955279a62a41,98.84,4.559,327,266,0.06,11
955279a62a41,100.19,4.562,327,266,0.06,11
955279a62a41,100.19,4.562,327,266,0.06,11
955279a62a41,98.87,4.555,327,266,0.06,11
955279a62a41,98.87,4.555,327,266,0.06,11
955279a62a41,99.59,4.555,328,267,0.06,11
955279a62a41,99.59,4.555,328,267,0.06,11
955279a62a41,99.19,4.555,328,267,0.06,11
955279a62a41,99.19,4.555,328,267,0.06,11
955279a62a41,98.77,4.551,329,268,0.06,11
955279a62a41,98.77,4.551,329,268,0.06,11
955279a62a41,98.84,4.555,329,268,0.06,11
955279a62a41,98.84,4.555,329,268,0.06,11
955279a62a41,98.96,4.562,330,269,0.06,11
955279a62a41,98.96,4.562,330,269,0.06,11
955279a62a41,98.79,4.551,331,269,0.06,11
955279a62a41,98.79,4.551,331,269,0.06,11
955279a62a41,99.1,4.562,331,269,0.06,11
955279a62a41,99.1,4.562,331,269,0.06,11
955279a62a41,98.98,4.551,332,270,0.06,11
955279a62a41,98.98,4.551,332,270,0.06,11
955279a62a41,99.1,4.555,332,270,0.06,11
955279a62a41,99.1,4.555,332,270,0.06,11
955279a62a41,99.26,4.547,333,271,0.06,11
955279a62a41,99.26,4.547,333,271,0.06,11
955279a62a41,99.31,4.543,333,271,0.06,11
955279a62a41,99.31,4.543,333,271,0.06,11
955279a62a41,98.77,4.543,334,272,0.06,11
955279a62a41,98.77,4.543,334,272,0.06,11
955279a62a41,98.72,4.547,335,272,0.06,11
955279a62a41,98.72,4.547,335,272,0.06,11
955279a62a41,100.41,4.547,335,272,0.06,11
955279a62a41,100.41,4.547,335,272,0.06,11
955279a62a41,99.04,4.555,335,273,0.06,11
955279a62a41,99.04,4.555,335,273,0.06,11
955279a62a41,98.67,4.547,336,273,0.06,11
955279a62a41,98.67,4.547,336,273,0.06,11
955279a62a41,98.95,4.551,336,274,0.06,11
955279a62a41,98.95,4.551,336,274,0.06,11
955279a62a41,98.96,4.555,337,274,0.06,11
955279a62a41,98.96,4.555,337,274,0.06,11
955279a62a41,99.4,4.555,337,275,0.06,11
955279a62a41,99.4,4.555,337,275,0.06,11
955279a62a41,99.08,4.555,338,275,0.06,11
955279a62a41,99.08,4.555,338,275,0.06,11
955279a62a41,99.32,4.68,339,276,0.06,11
955279a62a41,99.32,4.68,339,276,0.06,11
955279a62a41,98.83,4.555,339,276,0.06,11
955279a62a41,98.83,4.555,339,276,0.06,11
955279a62a41,98.46,4.555,340,277,0.06,11
955279a62a41,98.46,4.555,340,277,0.06,11
955279a62a41,99.28,4.559,340,277,0.06,11
955279a62a41,99.28,4.559,340,277,0.06,11
955279a62a41,99.32,4.566,341,277,0.06,11
955279a62a41,99.32,4.566,341,277,0.06,11
955279a62a41,99.04,4.555,342,278,0.06,11
955279a62a41,99.04,4.555,342,278,0.06,11
955279a62a41,99.38,4.555,342,278,0.06,11
955279a62a41,99.38,4.555,342,278,0.06,11
955279a62a41,99.08,4.551,343,279,0.06,11
955279a62a41,99.08,4.551,343,279,0.06,11
955279a62a41,99.81,4.559,343,279,0.06,11
955279a62a41,99.81,4.559,343,279,0.06,11
955279a62a41,99.27,4.551,343,279,0.06,11
955279a62a41,99.27,4.551,343,279,0.06,11
955279a62a41,99.03,4.684,344,280,0.06,11
955279a62a41,99.03,4.684,344,280,0.06,11
955279a62a41,99.12,4.562,344,280,0.06,11
955279a62a41,99.12,4.562,344,280,0.06,11
955279a62a41,98.36,4.688,345,281,0.06,11
955279a62a41,98.36,4.688,345,281,0.06,11
955279a62a41,98.67,4.562,346,281,0.06,11
955279a62a41,98.67,4.562,346,281,0.06,11
955279a62a41,99.12,4.559,346,282,0.06,11
955279a62a41,99.12,4.559,346,282,0.06,11
955279a62a41,99.1,4.566,347,282,0.06,11
955279a62a41,99.1,4.566,347,282,0.06,11
955279a62a41,98.82,4.688,347,283,0.06,11
955279a62a41,98.82,4.688,347,283,0.06,11
955279a62a41,98.82,4.688,347,283,0.06,11
955279a62a41,98.85,4.562,348,283,0.06,11
955279a62a41,98.85,4.562,348,283,0.06,11
955279a62a41,99.11,4.695,348,284,0.06,11
955279a62a41,99.11,4.695,348,284,0.06,11
955279a62a41,99.16,4.566,349,284,0.06,11
955279a62a41,99.16,4.566,349,284,0.06,11
955279a62a41,99.2,4.578,350,285,0.06,11
955279a62a41,99.2,4.578,350,285,0.06,11
955279a62a41,99.07,4.562,350,285,0.06,11
955279a62a41,99.07,4.562,350,285,0.06,11
955279a62a41,98.56,4.566,351,285,0.06,11
955279a62a41,98.56,4.566,351,285,0.06,11
955279a62a41,100.24,4.559,351,286,0.06,11
955279a62a41,100.24,4.559,351,286,0.06,11
955279a62a41,99.26,4.574,351,286,0.06,11
955279a62a41,99.26,4.574,351,286,0.06,11
955279a62a41,98.96,4.566,352,286,0.06,11
955279a62a41,98.96,4.566,352,286,0.06,11
955279a62a41,99.24,4.578,352,287,0.06,11
955279a62a41,99.24,4.578,352,287,0.06,11
955279a62a41,99.17,4.691,353,287,0.06,11
955279a62a41,99.17,4.691,353,287,0.06,11
955279a62a41,98.96,4.691,354,288,0.06,11
955279a62a41,98.96,4.691,354,288,0.06,11
955279a62a41,99.18,4.57,354,288,0.06,11
955279a62a41,99.18,4.57,354,288,0.06,11
955279a62a41,99.04,4.566,355,289,0.06,11
955279a62a41,99.04,4.566,355,289,0.06,11
955279a62a41,99.42,4.566,355,289,0.06,11
955279a62a41,99.42,4.566,355,289,0.06,11
955279a62a41,99.17,4.574,356,290,0.06,11
955279a62a41,99.17,4.574,356,290,0.06,11
955279a62a41,98.36,4.566,356,290,0.06,11
955279a62a41,98.36,4.566,356,290,0.06,11
955279a62a41,99,4.566,357,291,0.06,11
955279a62a41,99,4.566,357,291,0.06,11
955279a62a41,99.2,4.574,358,291,0.06,11
955279a62a41,99.2,4.574,358,291,0.06,11
955279a62a41,98.55,4.574,358,292,0.06,11
955279a62a41,98.55,4.574,358,292,0.06,11
955279a62a41,98.56,4.57,359,292,0.06,11
955279a62a41,98.56,4.57,359,292,0.06,11
955279a62a41,99.29,4.57,359,293,0.06,11
955279a62a41,99.29,4.57,359,293,0.06,11
955279a62a41,100.44,4.578,359,293,0.06,11
955279a62a41,100.44,4.578,359,293,0.06,11
955279a62a41,99.37,4.574,360,293,0.06,11
955279a62a41,99.37,4.574,360,293,0.06,11
955279a62a41,98.99,4.578,360,293,0.06,11
955279a62a41,98.99,4.578,360,293,0.06,11
955279a62a41,99.4,4.57,361,294,0.06,11
955279a62a41,99.4,4.57,361,294,0.06,11
955279a62a41,98.83,4.566,362,294,0.06,11
955279a62a41,98.83,4.566,362,294,0.06,11
955279a62a41,98.81,4.574,362,295,0.06,11
955279a62a41,98.81,4.574,362,295,0.06,11
955279a62a41,98.83,4.57,363,295,0.06,11
955279a62a41,98.83,4.57,363,295,0.06,11
955279a62a41,98.64,4.574,363,296,0.06,11
955279a62a41,98.64,4.574,363,296,0.06,11
955279a62a41,98.9,4.578,364,296,0.06,11
955279a62a41,98.9,4.578,364,296,0.06,11
955279a62a41,98.81,4.586,365,297,0.06,11
955279a62a41,98.81,4.586,365,297,0.06,11
955279a62a41,99.12,4.586,365,297,0.06,11
955279a62a41,99.12,4.586,365,297,0.06,11
955279a62a41,98.49,4.59,366,298,0.06,11
955279a62a41,98.49,4.59,366,298,0.06,11
955279a62a41,98.29,4.582,366,298,0.06,11
955279a62a41,98.29,4.582,366,298,0.06,11
955279a62a41,99.06,4.711,367,299,0.06,11
955279a62a41,99.06,4.711,367,299,0.06,11
955279a62a41,98.73,4.594,367,299,0.06,11
955279a62a41,98.73,4.594,367,299,0.06,11
955279a62a41,98.44,4.59,368,300,0.06,11
955279a62a41,98.44,4.59,368,300,0.06,11
955279a62a41,100.31,4.594,368,300,0.06,11
955279a62a41,100.31,4.594,368,300,0.06,11
955279a62a41,99.4,4.594,369,300,0.06,11
955279a62a41,99.4,4.594,369,300,0.06,11
955279a62a41,99.04,4.711,369,301,0.06,11
955279a62a41,99.04,4.711,369,301,0.06,11
955279a62a41,99.25,4.609,370,301,0.06,11
955279a62a41,99.25,4.609,370,301,0.06,11
955279a62a41,98.78,4.723,370,301,0.06,11
955279a62a41,98.78,4.723,370,301,0.06,11
955279a62a41,99.05,4.621,371,302,0.06,11
955279a62a41,99.05,4.621,371,302,0.06,11
955279a62a41,98.57,4.613,371,302,0.06,11
955279a62a41,98.57,4.613,371,302,0.06,11
955279a62a41,99.11,4.621,372,303,0.06,11
955279a62a41,99.11,4.621,372,303,0.06,11
955279a62a41,98.86,4.746,373,303,0.06,11
955279a62a41,98.86,4.746,373,303,0.06,11
955279a62a41,98.99,4.754,373,304,0.06,11
955279a62a41,98.99,4.754,373,304,0.06,11
955279a62a41,98.93,4.758,374,304,0.06,11
955279a62a41,98.93,4.758,374,304,0.06,11
955279a62a41,98.71,4.648,374,305,0.06,11
955279a62a41,98.71,4.648,374,305,0.06,11
955279a62a41,99.17,4.785,375,305,0.06,11
955279a62a41,99.17,4.785,375,305,0.06,11
955279a62a41,98.72,4.789,375,306,0.06,11
955279a62a41,98.72,4.789,375,306,0.06,11
955279a62a41,99.08,4.676,376,306,0.06,11
955279a62a41,99.08,4.676,376,306,0.06,11
955279a62a41,99.42,4.664,376,306,0.06,11
955279a62a41,99.42,4.664,376,306,0.06,11
955279a62a41,99.15,4.797,377,307,0.06,11
955279a62a41,99.15,4.797,377,307,0.06,11
955279a62a41,99.05,4.805,377,307,0.06,11
955279a62a41,99.05,4.805,377,307,0.06,11
955279a62a41,98.95,4.695,378,308,0.06,11
955279a62a41,98.95,4.695,378,308,0.06,11
955279a62a41,99.26,4.695,378,308,0.06,11
955279a62a41,99.26,4.695,378,308,0.06,11
955279a62a41,98.4,4.82,379,309,0.06,11
955279a62a41,98.4,4.82,379,309,0.06,11
955279a62a41,98.82,4.824,379,309,0.06,11
955279a62a41,98.82,4.824,379,309,0.06,11
955279a62a41,98.95,4.707,380,309,0.06,11
955279a62a41,98.95,4.707,380,309,0.06,11
955279a62a41,98.96,4.703,381,310,0.06,11
955279a62a41,98.96,4.703,381,310,0.06,11
955279a62a41,98.9,4.832,381,310,0.06,11
955279a62a41,98.9,4.832,381,310,0.06,11
955279a62a41,99.26,4.852,382,311,0.06,11
955279a62a41,99.26,4.852,382,311,0.06,11
955279a62a41,98.81,4.855,382,311,0.06,11
955279a62a41,98.81,4.855,382,311,0.06,11
955279a62a41,99.41,4.875,383,312,0.06,11
955279a62a41,99.41,4.875,383,312,0.06,11
955279a62a41,98.88,5,383,312,0.06,11
955279a62a41,98.88,5,383,312,0.06,11
955279a62a41,98.76,4.895,384,313,0.06,11
955279a62a41,98.76,4.895,384,313,0.06,11
955279a62a41,99.08,4.891,385,313,0.06,11
955279a62a41,99.08,4.891,385,313,0.06,11
955279a62a41,99.99,4.766,385,314,0.06,11
955279a62a41,99.99,4.766,385,314,0.06,11
955279a62a41,99.16,4.898,385,314,0.06,11
955279a62a41,99.16,4.898,385,314,0.06,11
955279a62a41,99.43,4.391,386,314,0.06,11
955279a62a41,99.43,4.391,386,314,0.06,11
955279a62a41,99.08,4.512,386,315,0.06,11
955279a62a41,99.08,4.512,386,315,0.06,11
955279a62a41,98.79,4.527,387,315,0.06,11
955279a62a41,98.79,4.527,387,315,0.06,11
955279a62a41,98.95,4.418,388,316,0.06,11
955279a62a41,98.95,4.418,388,316,0.06,11
955279a62a41,108.81,6.91,601,490,0.09,11
955279a62a41,108.81,6.91,601,490,0.09,11
955279a62a41,156.59,7.527,2744.32,2273.28,0.1,11
955279a62a41,156.59,7.527,2744.32,2273.28,0.1,11
955279a62a41,169.62,7.691,6778.88,5652.48,0.1,11
955279a62a41,169.62,7.691,6778.88,5652.48,0.1,11
955279a62a41,172.21,8.102,11366.4,9512.96,0.1,11
955279a62a41,172.21,8.102,11366.4,9512.96,0.1,11
955279a62a41,170.4,8.078,15872,13312,0.1,11
955279a62a41,170.4,8.078,15872,13312,0.1,11
955279a62a41,169.84,7.781,20480,17100.8,0.1,11
955279a62a41,169.84,7.781,20480,17100.8,0.1,11
955279a62a41,168.43,8.07,24985.6,20889.6,0.1,12
955279a62a41,168.43,8.07,24985.6,20889.6,0.1,12
955279a62a41,174,7.746,29593.6,24780.8,0.1,12
955279a62a41,174,7.746,29593.6,24780.8,0.1,12
955279a62a41,174.41,8.176,34099.2,28467.2,0.1,12
955279a62a41,174.41,8.176,34099.2,28467.2,0.1,12
955279a62a41,177.69,7.895,38707.2,32358.4,0.1,12
955279a62a41,177.69,7.895,38707.2,32358.4,0.1,12
955279a62a41,172.1,7.988,43110.4,36044.8,0.1,12
955279a62a41,172.1,7.988,43110.4,36044.8,0.1,12
955279a62a41,175.26,8.195,47820.8,40038.4,0.1,12
955279a62a41,175.26,8.195,47820.8,40038.4,0.1,12
955279a62a41,176.62,7.988,52224,43724.8,0.1,12
955279a62a41,176.62,7.988,52224,43724.8,0.1,12
955279a62a41,179.97,8.016,56934.4,47616,0.1,12
955279a62a41,179.97,8.016,56934.4,47616,0.1,12
955279a62a41,176.83,7.75,61542.4,51507.2,0.1,12
955279a62a41,176.83,7.75,61542.4,51507.2,0.1,12
955279a62a41,174.75,8.055,66150.4,55398.4,0.1,12
955279a62a41,174.75,8.055,66150.4,55398.4,0.1,12
955279a62a41,172.71,8.008,70656,59187.2,0.1,12
955279a62a41,172.71,8.008,70656,59187.2,0.1,12
955279a62a41,171.12,8.207,75161.6,62873.6,0.1,12
955279a62a41,171.12,8.207,75161.6,62873.6,0.1,12
955279a62a41,177.77,7.957,79667.2,66662.4,0.1,12
955279a62a41,177.77,7.957,79667.2,66662.4,0.1,12
955279a62a41,176.13,7.801,84275.2,70553.6,0.1,12
955279a62a41,176.13,7.801,84275.2,70553.6,0.1,12
955279a62a41,172.57,7.844,88678.4,74240,0.1,12
955279a62a41,172.57,7.844,88678.4,74240,0.1,12
955279a62a41,174.54,7.785,92979.2,77824,0.1,12
955279a62a41,174.54,7.785,92979.2,77824,0.1,12
955279a62a41,171.35,8.133,97484.8,81612.8,0.1,12
955279a62a41,171.35,8.133,97484.8,81612.8,0.1,12
955279a62a41,173.1,7.711,101888,85299.2,0.1,12
955279a62a41,173.1,7.711,101888,85299.2,0.1,12
955279a62a41,172.04,8.41,106496,88985.6,0.11,12
955279a62a41,172.04,8.41,106496,88985.6,0.11,12
955279a62a41,172.52,7.734,110592,92774.4,0.1,12
955279a62a41,172.52,7.734,110592,92774.4,0.1,12
955279a62a41,175.32,7.91,115712,96665.6,0.1,12
955279a62a41,175.32,7.91,115712,96665.6,0.1,12
955279a62a41,172.83,7.953,119808,100556.8,0.1,12
955279a62a41,172.83,7.953,119808,100556.8,0.1,12
955279a62a41,172.57,7.977,124928,104448,0.1,12
955279a62a41,172.57,7.977,124928,104448,0.1,12
955279a62a41,171.04,8.184,129024,107520,0.1,12
955279a62a41,171.04,8.184,129024,107520,0.1,12
955279a62a41,171.73,7.809,133120,111616,0.1,12
955279a62a41,171.73,7.809,133120,111616,0.1,12
955279a62a41,174.61,8.148,138240,115712,0.1,12
955279a62a41,174.61,8.148,138240,115712,0.1,12
955279a62a41,174.62,7.859,142336,118784,0.1,12
955279a62a41,174.62,7.859,142336,118784,0.1,12
955279a62a41,168.55,7.938,146432,122880,0.1,12
955279a62a41,168.55,7.938,146432,122880,0.1,12
955279a62a41,170.48,8.02,150528,125952,0.1,12
955279a62a41,170.48,8.02,150528,125952,0.1,12
955279a62a41,172.48,8.059,155648,130048,0.1,12
955279a62a41,172.48,8.059,155648,130048,0.1,12
955279a62a41,175.1,7.855,159744,134144,0.1,12
955279a62a41,175.1,7.855,159744,134144,0.1,12
955279a62a41,170.6,7.766,164864,138240,0.1,12
955279a62a41,170.6,7.766,164864,138240,0.1,12
955279a62a41,175.08,8.324,168960,141312,0.11,12
955279a62a41,175.08,8.324,168960,141312,0.11,12
955279a62a41,174.64,7.934,174080,145408,0.1,12
955279a62a41,174.64,7.934,174080,145408,0.1,12
955279a62a41,174.25,7.723,178176,149504,0.1,12
955279a62a41,174.25,7.723,178176,149504,0.1,12
955279a62a41,173.28,7.922,182272,152576,0.1,12
955279a62a41,173.28,7.922,182272,152576,0.1,12
955279a62a41,169.36,7.793,187392,156672,0.1,12
955279a62a41,169.36,7.793,187392,156672,0.1,12
955279a62a41,171.06,7.816,191488,160768,0.1,12
955279a62a41,171.06,7.816,191488,160768,0.1,12
955279a62a41,169.48,7.766,196608,164864,0.1,12
955279a62a41,169.48,7.766,196608,164864,0.1,12
955279a62a41,175.97,7.953,200704,167936,0.1,12
955279a62a41,175.97,7.953,200704,167936,0.1,12
955279a62a41,170.63,7.98,205824,172032,0.1,12
955279a62a41,170.63,7.98,205824,172032,0.1,12
955279a62a41,176.09,7.926,209920,176128,0.1,13
955279a62a41,176.09,7.926,209920,176128,0.1,13
955279a62a41,170.96,8.469,215040,179200,0.11,13
955279a62a41,170.96,8.469,215040,179200,0.11,13
955279a62a41,175.46,8.211,219136,183296,0.1,13
955279a62a41,175.46,8.211,219136,183296,0.1,13
955279a62a41,169.71,8.043,223232,187392,0.1,13
955279a62a41,169.71,8.043,223232,187392,0.1,13
955279a62a41,113.65,7.867,224256,188416,0.1,13
955279a62a41,113.65,7.867,224256,188416,0.1,13
955279a62a41,100.02,7.875,224256,188416,0.1,13
955279a62a41,100.02,7.875,224256,188416,0.1,13
955279a62a41,304.46,7.547,224256,188416,0.1,13
955279a62a41,304.46,7.547,224256,188416,0.1,13
955279a62a41,498.25,7.777,224256,188416,0.1,13
955279a62a41,498.25,7.777,224256,188416,0.1,13
955279a62a41,499.33,7.691,224256,188416,0.1,13
955279a62a41,499.33,7.691,224256,188416,0.1,13
955279a62a41,498.5,7.566,224256,188416,0.1,13
955279a62a41,498.5,7.566,224256,188416,0.1,13
955279a62a41,499,7.82,224256,188416,0.1,13
955279a62a41,499,7.82,224256,188416,0.1,13
955279a62a41,498.93,7.594,224256,188416,0.1,13
955279a62a41,498.93,7.594,224256,188416,0.1,13
955279a62a41,499.1,7.875,224256,188416,0.1,13
955279a62a41,499.1,7.875,224256,188416,0.1,13
955279a62a41,499.17,7.859,224256,188416,0.1,13
955279a62a41,499.17,7.859,224256,188416,0.1,13
955279a62a41,499.37,7.777,224256,188416,0.1,13
955279a62a41,499.37,7.777,224256,188416,0.1,13
955279a62a41,498.59,7.895,224256,188416,0.1,13
955279a62a41,498.59,7.895,224256,188416,0.1,13
955279a62a41,496.6,7.883,224256,188416,0.1,13
955279a62a41,496.6,7.883,224256,188416,0.1,13
955279a62a41,500.14,7.668,224256,188416,0.1,13
955279a62a41,500.14,7.668,224256,188416,0.1,13
955279a62a41,500.66,7.805,224256,188416,0.1,13
955279a62a41,500.66,7.805,224256,188416,0.1,13
955279a62a41,497.78,7.828,224256,188416,0.1,13
955279a62a41,497.78,7.828,224256,188416,0.1,13
955279a62a41,499.85,7.715,224256,188416,0.1,13
955279a62a41,499.85,7.715,224256,188416,0.1,13
955279a62a41,498.93,7.828,224256,188416,0.1,13
955279a62a41,498.93,7.828,224256,188416,0.1,13
955279a62a41,498.45,7.848,224256,188416,0.1,13
955279a62a41,498.45,7.848,224256,188416,0.1,13
955279a62a41,499.35,7.867,224256,188416,0.1,13
955279a62a41,499.35,7.867,224256,188416,0.1,13
955279a62a41,499.35,7.867,224256,188416,0.1,13
955279a62a41,499,7.773,224256,188416,0.1,13
955279a62a41,499,7.773,224256,188416,0.1,13
955279a62a41,499.26,7.902,224256,188416,0.1,13
955279a62a41,499.26,7.902,224256,188416,0.1,13
955279a62a41,499.38,7.785,224256,188416,0.1,13
955279a62a41,499.38,7.785,224256,188416,0.1,13
955279a62a41,498.65,7.906,224256,188416,0.1,13
955279a62a41,498.65,7.906,224256,188416,0.1,13
955279a62a41,498.69,7.816,224256,188416,0.1,13
955279a62a41,498.69,7.816,224256,188416,0.1,13
955279a62a41,499.3,7.922,224256,188416,0.1,13
955279a62a41,499.3,7.922,224256,188416,0.1,13
955279a62a41,499.03,7.812,224256,188416,0.1,13
955279a62a41,499.03,7.812,224256,188416,0.1,13
955279a62a41,498.42,7.816,224256,188416,0.1,13
955279a62a41,498.42,7.816,224256,188416,0.1,13
955279a62a41,499.85,7.926,224256,188416,0.1,13
955279a62a41,499.85,7.926,224256,188416,0.1,13
955279a62a41,498.91,7.824,224256,188416,0.1,13
955279a62a41,498.91,7.824,224256,188416,0.1,13
955279a62a41,498.98,7.824,224256,188416,0.1,13
955279a62a41,498.98,7.824,224256,188416,0.1,13
955279a62a41,497.45,7.941,224256,188416,0.1,13
955279a62a41,497.45,7.941,224256,188416,0.1,13
955279a62a41,499.91,7.84,224256,188416,0.1,13
955279a62a41,499.91,7.84,224256,188416,0.1,13
955279a62a41,497.52,7.848,224256,188416,0.1,13
955279a62a41,497.52,7.848,224256,188416,0.1,13
955279a62a41,500.46,7.98,224256,188416,0.1,13
955279a62a41,500.46,7.98,224256,188416,0.1,13
955279a62a41,497.59,7.98,224256,188416,0.1,13
955279a62a41,497.59,7.98,224256,188416,0.1,13
955279a62a41,499.69,7.961,224256,188416,0.1,13
955279a62a41,499.69,7.961,224256,188416,0.1,13
955279a62a41,498.64,8.023,224256,188416,0.1,13
955279a62a41,498.64,8.023,224256,188416,0.1,13
955279a62a41,499.27,7.93,224256,188416,0.1,13
955279a62a41,499.27,7.93,224256,188416,0.1,13
955279a62a41,500.15,8.055,224256,188416,0.1,13
955279a62a41,500.15,8.055,224256,188416,0.1,13
955279a62a41,498.12,8.066,224256,188416,0.1,13
955279a62a41,498.12,8.066,224256,188416,0.1,13
955279a62a41,499.06,8.035,224256,188416,0.1,13
955279a62a41,499.06,8.035,224256,188416,0.1,13
955279a62a41,499.34,8.051,224256,188416,0.1,13
955279a62a41,499.34,8.051,224256,188416,0.1,13
955279a62a41,498.66,7.961,224256,188416,0.1,13
955279a62a41,498.66,7.961,224256,188416,0.1,13
955279a62a41,499.54,7.965,224256,188416,0.1,13
955279a62a41,499.54,7.965,224256,188416,0.1,13
955279a62a41,499.13,7.965,224256,188416,0.1,13
955279a62a41,499.13,7.965,224256,188416,0.1,13
955279a62a41,497.88,8.086,224256,188416,0.1,13
955279a62a41,497.88,8.086,224256,188416,0.1,13
955279a62a41,501.05,7.98,224256,188416,0.1,13
955279a62a41,501.05,7.98,224256,188416,0.1,13
955279a62a41,499.11,7.988,224256,188416,0.1,13
955279a62a41,499.11,7.988,224256,188416,0.1,13
955279a62a41,497.48,8.105,224256,188416,0.1,13
955279a62a41,497.48,8.105,224256,188416,0.1,13
955279a62a41,499.2,7.988,224256,188416,0.1,13
955279a62a41,499.2,7.988,224256,188416,0.1,13
955279a62a41,500.46,8.125,224256,188416,0.1,13
955279a62a41,500.46,8.125,224256,188416,0.1,13
955279a62a41,498.18,8.105,224256,188416,0.1,13
955279a62a41,498.18,8.105,224256,188416,0.1,13
955279a62a41,498.4,8.125,224256,188416,0.1,13
955279a62a41,498.4,8.125,224256,188416,0.1,13
955279a62a41,499.38,8,224256,188416,0.1,13
955279a62a41,499.38,8,224256,188416,0.1,13
955279a62a41,497.87,8.121,224256,188416,0.1,13
955279a62a41,497.87,8.121,224256,188416,0.1,13
955279a62a41,498.87,8.125,224256,188416,0.1,13
955279a62a41,498.87,8.125,224256,188416,0.1,13
955279a62a41,499.59,8.133,224256,188416,0.1,13
955279a62a41,499.59,8.133,224256,188416,0.1,13
955279a62a41,499.68,8.023,224256,188416,0.1,13
955279a62a41,499.68,8.023,224256,188416,0.1,13
955279a62a41,498.09,8.012,224256,188416,0.1,13
955279a62a41,498.09,8.012,224256,188416,0.1,13
955279a62a41,499.13,8.133,224256,188416,0.1,13
955279a62a41,499.13,8.133,224256,188416,0.1,13
955279a62a41,498.13,8.113,224256,188416,0.1,13
955279a62a41,498.13,8.113,224256,188416,0.1,13
955279a62a41,498.87,8.031,224256,188416,0.1,13
955279a62a41,498.87,8.031,224256,188416,0.1,13
955279a62a41,498.05,8.164,224256,188416,0.1,13
955279a62a41,498.05,8.164,224256,188416,0.1,13
955279a62a41,498.57,8.07,224256,188416,0.1,13
955279a62a41,498.57,8.07,224256,188416,0.1,13
955279a62a41,499.81,8.164,224256,188416,0.1,13
955279a62a41,499.81,8.164,224256,188416,0.1,13
955279a62a41,498.94,8.164,224256,188416,0.1,13
955279a62a41,498.94,8.164,224256,188416,0.1,13
955279a62a41,498.28,8.027,224256,188416,0.1,13
955279a62a41,498.28,8.027,224256,188416,0.1,13
955279a62a41,498.19,7.781,224256,188416,0.1,13
955279a62a41,498.19,7.781,224256,188416,0.1,13
955279a62a41,498.63,7.672,224256,188416,0.1,13
955279a62a41,498.63,7.672,224256,188416,0.1,13
955279a62a41,499.62,7.684,224256,188416,0.1,13
955279a62a41,499.62,7.684,224256,188416,0.1,13
955279a62a41,499.28,7.805,224256,188416,0.1,13
955279a62a41,499.28,7.805,224256,188416,0.1,13
955279a62a41,499.08,7.684,224256,188416,0.1,13
955279a62a41,499.08,7.684,224256,188416,0.1,13
955279a62a41,498.91,7.914,224256,188416,0.1,13
955279a62a41,498.91,7.914,224256,188416,0.1,13
955279a62a41,498.73,7.777,224256,188416,0.1,13
955279a62a41,498.73,7.777,224256,188416,0.1,13
955279a62a41,499.62,7.773,224256,188416,0.1,13
955279a62a41,499.62,7.773,224256,188416,0.1,13
955279a62a41,497.57,7.91,224256,188416,0.1,13
955279a62a41,497.57,7.91,224256,188416,0.1,13
955279a62a41,500.05,7.684,224256,188416,0.1,13
955279a62a41,500.05,7.684,224256,188416,0.1,13
955279a62a41,498.19,7.684,224256,188416,0.1,13
955279a62a41,498.19,7.684,224256,188416,0.1,13
955279a62a41,499.09,7.785,224256,188416,0.1,13
955279a62a41,499.09,7.785,224256,188416,0.1,13
955279a62a41,499.81,7.805,224256,188416,0.1,13
955279a62a41,499.81,7.805,224256,188416,0.1,13
955279a62a41,499.11,7.688,224256,188416,0.1,13
955279a62a41,499.11,7.688,224256,188416,0.1,13
955279a62a41,498.94,7.68,224256,188416,0.1,13
955279a62a41,498.94,7.68,224256,188416,0.1,13
955279a62a41,498.92,7.672,224256,188416,0.1,13
955279a62a41,498.92,7.672,224256,188416,0.1,13
955279a62a41,499.32,7.781,224256,188416,0.1,13
955279a62a41,499.32,7.781,224256,188416,0.1,13
955279a62a41,498.17,7.773,224256,188416,0.1,13
955279a62a41,498.17,7.773,224256,188416,0.1,13
955279a62a41,499.61,7.68,224256,188416,0.1,13
955279a62a41,499.61,7.68,224256,188416,0.1,13
955279a62a41,498.65,7.812,224256,188416,0.1,13
955279a62a41,498.65,7.812,224256,188416,0.1,13
955279a62a41,499.29,7.68,224256,188416,0.1,13
955279a62a41,499.29,7.68,224256,188416,0.1,13
955279a62a41,498.74,7.684,224256,188416,0.1,13
955279a62a41,498.74,7.684,224256,188416,0.1,13
955279a62a41,498.72,7.676,224256,188416,0.1,13
955279a62a41,498.72,7.676,224256,188416,0.1,13
955279a62a41,499.04,7.922,224256,188416,0.1,13
955279a62a41,499.04,7.922,224256,188416,0.1,13
955279a62a41,497.07,7.906,224256,188416,0.1,13
955279a62a41,497.07,7.906,224256,188416,0.1,13
955279a62a41,497.66,7.797,224256,188416,0.1,13
955279a62a41,497.66,7.797,224256,188416,0.1,13
955279a62a41,499.76,7.926,224256,188416,0.1,13
955279a62a41,499.76,7.926,224256,188416,0.1,13
955279a62a41,499.52,7.781,224256,188416,0.1,13
955279a62a41,499.52,7.781,224256,188416,0.1,13
955279a62a41,499.18,7.809,224256,188416,0.1,13
955279a62a41,499.18,7.809,224256,188416,0.1,13
955279a62a41,496.74,7.691,224256,188416,0.1,13
955279a62a41,496.74,7.691,224256,188416,0.1,13
955279a62a41,499.14,7.695,224256,188416,0.1,13
955279a62a41,499.14,7.695,224256,188416,0.1,13
955279a62a41,498.98,7.789,224256,188416,0.1,13
955279a62a41,498.98,7.789,224256,188416,0.1,13
955279a62a41,499.01,7.781,224256,188416,0.1,13
955279a62a41,499.01,7.781,224256,188416,0.1,13
955279a62a41,497.81,7.766,224256,188416,0.1,13
955279a62a41,497.81,7.766,224256,188416,0.1,13
955279a62a41,499.35,7.785,224256,188416,0.1,13
955279a62a41,499.35,7.785,224256,188416,0.1,13
955279a62a41,498.6,7.922,224256,188416,0.1,13
955279a62a41,498.6,7.922,224256,188416,0.1,13
955279a62a41,499.13,7.793,224256,188416,0.1,13
955279a62a41,499.13,7.793,224256,188416,0.1,13
955279a62a41,500.01,7.699,224256,188416,0.1,13
955279a62a41,500.01,7.699,224256,188416,0.1,13
955279a62a41,499.27,7.812,224256,188416,0.1,13
955279a62a41,499.27,7.812,224256,188416,0.1,13
955279a62a41,499.09,7.816,224256,188416,0.1,13
955279a62a41,499.09,7.816,224256,188416,0.1,13
955279a62a41,499.65,7.699,224256,188416,0.1,13
955279a62a41,499.65,7.699,224256,188416,0.1,13
955279a62a41,498.78,7.812,224256,188416,0.1,13
955279a62a41,498.78,7.812,224256,188416,0.1,13
955279a62a41,495.29,7.707,224256,188416,0.1,13
955279a62a41,495.29,7.707,224256,188416,0.1,13
955279a62a41,501.78,7.797,224256,188416,0.1,13
955279a62a41,501.78,7.797,224256,188416,0.1,13
955279a62a41,498.56,7.68,224256,188416,0.1,13
955279a62a41,498.56,7.68,224256,188416,0.1,13
955279a62a41,498.83,7.812,224256,188416,0.1,13
955279a62a41,498.83,7.812,224256,188416,0.1,13
955279a62a41,499.93,7.84,224256,188416,0.1,13
955279a62a41,499.93,7.84,224256,188416,0.1,13
955279a62a41,498.39,7.73,224256,188416,0.1,13
955279a62a41,498.39,7.73,224256,188416,0.1,13
955279a62a41,499.38,7.859,224256,188416,0.1,13
955279a62a41,499.38,7.859,224256,188416,0.1,13
955279a62a41,498.42,7.77,224256,188416,0.1,13
955279a62a41,498.42,7.77,224256,188416,0.1,13
955279a62a41,499.34,7.879,224256,188416,0.1,13
955279a62a41,499.34,7.879,224256,188416,0.1,13
955279a62a41,499.03,7.91,224256,188416,0.1,13
955279a62a41,499.03,7.91,224256,188416,0.1,13
955279a62a41,499.23,7.809,224256,188416,0.1,13
955279a62a41,499.23,7.809,224256,188416,0.1,13
955279a62a41,499.93,7.812,224256,188416,0.1,13
955279a62a41,499.93,7.812,224256,188416,0.1,13
955279a62a41,496.68,7.969,224256,188416,0.1,13
955279a62a41,496.68,7.969,224256,188416,0.1,13
955279a62a41,497.73,7.859,224256,188416,0.1,13
955279a62a41,497.73,7.859,224256,188416,0.1,13
955279a62a41,498.52,7.996,224256,188416,0.1,13
955279a62a41,498.52,7.996,224256,188416,0.1,13
955279a62a41,499.39,7.918,224256,188416,0.1,13
955279a62a41,499.39,7.918,224256,188416,0.1,13
955279a62a41,498.43,8.152,224256,188416,0.1,13
955279a62a41,498.43,8.152,224256,188416,0.1,13
955279a62a41,499.34,7.887,224256,188416,0.1,13
955279a62a41,499.34,7.887,224256,188416,0.1,13
955279a62a41,498.82,7.887,224256,188416,0.1,13
955279a62a41,498.82,7.887,224256,188416,0.1,13
955279a62a41,498.67,8.016,224256,188416,0.1,13
955279a62a41,498.67,8.016,224256,188416,0.1,13
955279a62a41,500.05,8.02,224256,188416,0.1,13
955279a62a41,500.05,8.02,224256,188416,0.1,13
955279a62a41,501.73,7.992,224256,188416,0.1,13
955279a62a41,501.73,7.992,224256,188416,0.1,13
955279a62a41,499.29,8.016,224256,188416,0.1,13
955279a62a41,499.29,8.016,224256,188416,0.1,13
955279a62a41,498.69,7.914,224256,188416,0.1,13
955279a62a41,498.69,7.914,224256,188416,0.1,13
955279a62a41,498.82,8.031,224256,188416,0.1,13
955279a62a41,498.82,8.031,224256,188416,0.1,13
955279a62a41,498.96,7.938,224256,188416,0.1,13
955279a62a41,498.96,7.938,224256,188416,0.1,13
955279a62a41,499.65,8.07,224256,188416,0.1,13
955279a62a41,499.65,8.07,224256,188416,0.1,13
955279a62a41,499.87,8.059,224256,188416,0.1,13
955279a62a41,499.87,8.059,224256,188416,0.1,13
955279a62a41,498.58,8.078,224256,188416,0.1,13
955279a62a41,498.58,8.078,224256,188416,0.1,13
955279a62a41,498.06,7.961,224256,188416,0.1,13
955279a62a41,498.06,7.961,224256,188416,0.1,13
955279a62a41,499.64,8.066,224256,188416,0.1,13
955279a62a41,499.64,8.066,224256,188416,0.1,13
955279a62a41,497.98,8.074,224256,188416,0.1,13
955279a62a41,497.98,8.074,224256,188416,0.1,13
955279a62a41,499.05,7.961,224256,188416,0.1,13
955279a62a41,499.05,7.961,224256,188416,0.1,13
955279a62a41,498.92,7.957,224256,188416,0.1,13
955279a62a41,498.92,7.957,224256,188416,0.1,13
955279a62a41,499.97,7.77,224256,188416,0.1,13
955279a62a41,499.97,7.77,224256,188416,0.1,13
955279a62a41,498.12,7.895,224256,188416,0.1,13
955279a62a41,498.12,7.895,224256,188416,0.1,13
955279a62a41,499.1,7.773,224256,188416,0.1,13
955279a62a41,499.1,7.773,224256,188416,0.1,13
955279a62a41,499.1,7.898,224256,188416,0.1,13
955279a62a41,499.1,7.898,224256,188416,0.1,13
955279a62a41,499.7,7.77,224256,188416,0.1,13
955279a62a41,499.7,7.77,224256,188416,0.1,13
955279a62a41,498.94,7.781,224256,188416,0.1,13
955279a62a41,498.94,7.781,224256,188416,0.1,13
955279a62a41,499.01,7.895,224256,188416,0.1,13
955279a62a41,499.01,7.895,224256,188416,0.1,13
955279a62a41,497.9,7.867,224256,188416,0.1,13
955279a62a41,497.9,7.867,224256,188416,0.1,13
955279a62a41,497.75,7.863,224256,188416,0.1,13
955279a62a41,497.75,7.863,224256,188416,0.1,13
955279a62a41,500.35,7.902,224256,188416,0.1,13
955279a62a41,500.35,7.902,224256,188416,0.1,13
955279a62a41,498.05,7.902,224256,188416,0.1,13
955279a62a41,498.05,7.902,224256,188416,0.1,13
955279a62a41,498.09,7.883,224256,188416,0.1,13
955279a62a41,498.09,7.883,224256,188416,0.1,13
955279a62a41,500.31,7.895,225280,188416,0.1,13
955279a62a41,500.31,7.895,225280,188416,0.1,13
955279a62a41,498.77,7.883,225280,188416,0.1,13
955279a62a41,498.77,7.883,225280,188416,0.1,13
955279a62a41,499.39,7.875,225280,188416,0.1,13
955279a62a41,499.39,7.875,225280,188416,0.1,13
955279a62a41,497.81,7.871,225280,188416,0.1,13
955279a62a41,497.81,7.871,225280,188416,0.1,13
955279a62a41,499.93,7.918,225280,188416,0.1,13
955279a62a41,499.93,7.918,225280,188416,0.1,13
955279a62a41,499.93,7.918,225280,188416,0.1,13
955279a62a41,492.69,7.797,225280,188416,0.1,13
955279a62a41,492.69,7.797,225280,188416,0.1,13
955279a62a41,505.53,7.922,225280,188416,0.1,13
955279a62a41,505.53,7.922,225280,188416,0.1,13
955279a62a41,498.33,7.922,225280,188416,0.1,13
955279a62a41,498.33,7.922,225280,188416,0.1,13
955279a62a41,498.22,7.926,225280,188416,0.1,13
955279a62a41,498.22,7.926,225280,188416,0.1,13
955279a62a41,500.26,7.91,225280,188416,0.1,13
955279a62a41,500.26,7.91,225280,188416,0.1,13
955279a62a41,498.69,7.93,225280,188416,0.1,13
955279a62a41,498.69,7.93,225280,188416,0.1,13
955279a62a41,498.8,8.051,225280,188416,0.1,13
955279a62a41,498.8,8.051,225280,188416,0.1,13
955279a62a41,499.95,7.93,225280,188416,0.1,13
955279a62a41,499.95,7.93,225280,188416,0.1,13
955279a62a41,498.16,7.914,225280,188416,0.1,13
955279a62a41,498.16,7.914,225280,188416,0.1,13
955279a62a41,499.94,7.934,225280,188416,0.1,13
955279a62a41,499.94,7.934,225280,188416,0.1,13
955279a62a41,497.29,7.961,225280,188416,0.1,13
955279a62a41,497.29,7.961,225280,188416,0.1,13
955279a62a41,499.67,7.926,225280,188416,0.1,13
955279a62a41,499.67,7.926,225280,188416,0.1,13
955279a62a41,497.48,8.055,225280,188416,0.1,13
955279a62a41,497.48,8.055,225280,188416,0.1,13
955279a62a41,500.35,7.941,225280,188416,0.1,13
955279a62a41,500.35,7.941,225280,188416,0.1,13
955279a62a41,498.46,7.957,225280,188416,0.1,13
955279a62a41,498.46,7.957,225280,188416,0.1,13
955279a62a41,497.73,7.973,225280,188416,0.1,13
955279a62a41,497.73,7.973,225280,188416,0.1,13
955279a62a41,500.14,7.934,225280,188416,0.1,13
955279a62a41,500.14,7.934,225280,188416,0.1,13
955279a62a41,497.85,7.832,225280,188416,0.1,13
955279a62a41,497.85,7.832,225280,188416,0.1,13
955279a62a41,500.01,7.832,225280,188416,0.1,13
955279a62a41,500.01,7.832,225280,188416,0.1,13
955279a62a41,498.45,7.953,225280,188416,0.1,13
955279a62a41,498.45,7.953,225280,188416,0.1,13
955279a62a41,498.25,7.934,225280,188416,0.1,13
955279a62a41,498.25,7.934,225280,188416,0.1,13
955279a62a41,498.24,7.91,225280,188416,0.1,13
955279a62a41,498.24,7.91,225280,188416,0.1,13
955279a62a41,499.07,7.945,225280,188416,0.1,13
955279a62a41,499.07,7.945,225280,188416,0.1,13
955279a62a41,499.02,8.105,225280,188416,0.1,13
955279a62a41,499.02,8.105,225280,188416,0.1,13
955279a62a41,498.67,7.84,225280,188416,0.1,13
955279a62a41,498.67,7.84,225280,188416,0.1,13
955279a62a41,160.88,7.801,225280,188416,0.1,13
955279a62a41,160.88,7.801,225280,188416,0.1,13
955279a62a41,82.28,7.797,225280,188416,0.1,13
955279a62a41,82.28,7.797,225280,188416,0.1,13
955279a62a41,0,7.797,225280,188416,0.1,13
955279a62a41,0,7.797,225280,188416,0.1,13
955279a62a41,0,7.797,225280,188416,0.1,13
955279a62a41,0,7.797,225280,188416,0.1,13
955279a62a41,0,7.797,225280,188416,0.1,13
955279a62a41,0,7.797,225280,188416,0.1,13
955279a62a41,0,7.797,225280,188416,0.1,13
955279a62a41,0,7.797,225280,188416,0.1,13
955279a62a41,0,7.797,225280,188416,0.1,13
955279a62a41,0,7.797,225280,188416,0.1,13
955279a62a41,0,7.797,225280,188416,0.1,13
955279a62a41,0,7.797,225280,188416,0.1,13
955279a62a41,0,7.797,225280,188416,0.1,13
955279a62a41,0,7.797,225280,188416,0.1,13
955279a62a41,0,7.797,225280,188416,0.1,13
955279a62a41,0,7.797,225280,188416,0.1,13
955279a62a41,0,7.797,225280,188416,0.1,13
955279a62a41,0,7.797,225280,188416,0.1,13
955279a62a41,0,7.797,225280,188416,0.1,13
955279a62a41,0,7.797,225280,188416,0.1,13
955279a62a41,0,7.797,225280,188416,0.1,13
955279a62a41,0,7.797,225280,188416,0.1,13
955279a62a41,0.04,7.797,225280,188416,0.1,13
955279a62a41,0.04,7.797,225280,188416,0.1,13
955279a62a41,0,7.797,225280,188416,0.1,13
955279a62a41,0,7.797,225280,188416,0.1,13
955279a62a41,0,7.797,225280,188416,0.1,13
955279a62a41,0,7.797,225280,188416,0.1,13
955279a62a41,0,7.797,225280,188416,0.1,13
955279a62a41,0,7.797,225280,188416,0.1,13
955279a62a41,0,7.797,225280,188416,0.1,13
955279a62a41,0,7.797,225280,188416,0.1,13
955279a62a41,0,7.797,225280,188416,0.1,13
955279a62a41,0,7.797,225280,188416,0.1,13
955279a62a41,0,7.797,225280,188416,0.1,13
955279a62a41,0,7.797,225280,188416,0.1,13
955279a62a41,0,7.797,225280,188416,0.1,13
955279a62a41,0,7.797,225280,188416,0.1,13
955279a62a41,0,7.797,225280,188416,0.1,13
955279a62a41,0,7.797,225280,188416,0.1,13
955279a62a41,0,7.797,225280,188416,0.1,13
955279a62a41,0,7.797,225280,188416,0.1,13
955279a62a41,0,7.797,225280,188416,0.1,13
955279a62a41,0,7.797,225280,188416,0.1,13
955279a62a41,0,7.797,225280,188416,0.1,13
955279a62a41,0,7.797,225280,188416,0.1,13
955279a62a41,0,7.797,225280,188416,0.1,13
955279a62a41,0,7.797,225280,188416,0.1,13
955279a62a41,0,7.797,225280,188416,0.1,13
955279a62a41,0,7.797,225280,188416,0.1,13
955279a62a41,0,7.797,225280,188416,0.1,13
955279a62a41,0,7.797,225280,188416,0.1,13
955279a62a41,0,7.797,225280,188416,0.1,13
955279a62a41,0,7.797,225280,188416,0.1,13
955279a62a41,0,7.797,225280,188416,0.1,13
955279a62a41,0,7.797,225280,188416,0.1,13
955279a62a41,0,7.797,225280,188416,0.1,13
955279a62a41,0,7.797,225280,188416,0.1,13
955279a62a41,0,7.797,225280,188416,0.1,13
955279a62a41,0,7.797,225280,188416,0.1,13
955279a62a41,0,7.797,225280,188416,0.1,13
955279a62a41,0,7.797,225280,188416,0.1,13
955279a62a41,0,7.797,225280,188416,0.1,13
955279a62a41,46.85,6.863,225280,188416,0.09,13
955279a62a41,0,6.863,225280,188416,0.09,13
955279a62a41,0,6.863,225280,188416,0.09,13
955279a62a41,0,6.863,225280,188416,0.09,13
955279a62a41,0,6.863,225280,188416,0.09,13
955279a62a41,0,6.863,225280,188416,0.09,13
955279a62a41,0,6.863,225280,188416,0.09,13
955279a62a41,0,6.863,225280,188416,0.09,13
955279a62a41,0,6.863,225280,188416,0.09,13
955279a62a41,0,6.863,225280,188416,0.09,13
955279a62a41,0,6.863,225280,188416,0.09,13
955279a62a41,0,6.863,225280,188416,0.09,13
955279a62a41,0,6.863,225280,188416,0.09,13
955279a62a41,0,6.863,225280,188416,0.09,13
955279a62a41,0,6.863,225280,188416,0.09,13
955279a62a41,0,6.863,225280,188416,0.09,13
955279a62a41,0,6.863,225280,188416,0.09,13
955279a62a41,0,6.863,225280,188416,0.09,13
955279a62a41,0,6.863,225280,188416,0.09,13
955279a62a41,0,6.863,225280,188416,0.09,13
955279a62a41,0,6.863,225280,188416,0.09,13
955279a62a41,0,6.863,225280,188416,0.09,13
955279a62a41,0,6.863,225280,188416,0.09,13
955279a62a41,0,6.863,225280,188416,0.09,13
955279a62a41,0,6.863,225280,188416,0.09,13
955279a62a41,0,6.863,225280,188416,0.09,13
955279a62a41,0,6.863,225280,188416,0.09,13
955279a62a41,0,6.863,225280,188416,0.09,13
955279a62a41,0,6.863,225280,188416,0.09,13
955279a62a41,0,6.863,225280,188416,0.09,13
955279a62a41,0,6.863,225280,188416,0.09,13
955279a62a41,0.62,4.598,225280,188416,0.06,13
955279a62a41,0.62,4.598,225280,188416,0.06,13
955279a62a41,0,4.598,225280,188416,0.06,13
955279a62a41,0,4.598,225280,188416,0.06,13
955279a62a41,0,4.598,225280,188416,0.06,13
955279a62a41,0,4.598,225280,188416,0.06,13
955279a62a41,0,4.598,225280,188416,0.06,13
955279a62a41,0,4.598,225280,188416,0.06,13
955279a62a41,0,4.598,225280,188416,0.06,13
955279a62a41,0,4.598,225280,188416,0.06,13
955279a62a41,0,4.598,225280,188416,0.06,13
955279a62a41,0,4.598,225280,188416,0.06,13
955279a62a41,0,4.598,225280,188416,0.06,13
955279a62a41,0,4.598,225280,188416,0.06,13
955279a62a41,0,4.598,225280,188416,0.06,13
955279a62a41,0,4.598,225280,188416,0.06,13
955279a62a41,0,4.598,225280,188416,0.06,13
955279a62a41,0,4.598,225280,188416,0.06,13
955279a62a41,0,4.598,225280,188416,0.06,13
955279a62a41,0,4.598,225280,188416,0.06,13